Title,Alternative Title,Description,notes,dimensions,scale,Language,Creator,Publisher,Resource Type,Keyword,Date Issued,Temporal Coverage,Date Range,Information,Download,Image,Manifest,Identifier,ID,Access Rights,Provider,Code,Is Part Of,Member Of,Accrual Method,Date Accessioned,Rights,Resource Class,Format,Date Added,Collection Name,Set,City,State,Country,Continent,Region,coordinates
"Africa 1:125,000 : Transvaal","Africa 1:125,000 : Transvaal",,Relief shown by by contours and spot heights.; Includes index to adjoining sheets.; Crown Copyright Reserved.,42 x 46 Centimeters,"Scale 1:125,000. 1 inch to 1.97 miles or 1.014 inches to 2 miles",English,Great Britain. War Office,War Office (London),,,1914,,,https://umedia.lib.umn.edu/item/p16022coll230:4241,http://cdm16022.contentdm.oclc.org/utils/getfile/collection/p16022coll230/id/4241/filename/print/page/download/fparams/forcedownload,https://cdm16022.contentdm.oclc.org/utils/getthumbnail/collection/p16022coll230/id/4241,https://cdm16022.contentdm.oclc.org/iiif/info/p16022coll230/4241/manifest.json,U|M|N|_|A|L|M|A|:|9|9|7|8|2|7|8|8|3|8|7|0|1|7|0|1,p16022coll230:4241,Public,University of Minnesota,05d-01,05d-01,64bd8c4c-8e60-4956-b43d-bdc3f93db488,JSON API,2023-02-14,"U|s|e| |o|f| |t|h|i|s| |i|t|e|m| |m|a|y| |b|e| |g|o|v|e|r|n|e|d| |b|y| |U|S| |a|n|d| |i|n|t|e|r|n|a|t|i|o|n|a|l| |c|o|p|y|r|i|g|h|t| |l|a|w|s|.| |Y|o|u| |m|a|y| |b|e| |a|b|l|e| |t|o| |u|s|e| |t|h|i|s| |i|t|e|m|,| |b|u|t| |c|o|p|y|r|i|g|h|t| |a|n|d| |o|t|h|e|r| |c|o|n|s|i|d|e|r|a|t|i|o|n|s| |m|a|y| |a|p|p|l|y|.| |F|o|r| |p|o|s|s|i|b|l|e| |a|d|d|i|t|i|o|n|a|l| |i|n|f|o|r|m|a|t|i|o|n| |o|r| |g|u|i|d|a|n|c|e| |o|n| |y|o|u|r| |u|s|e|,| |p|l|e|a|s|e| |c|o|n|t|a|c|t| |t|h|e| |c|o|n|t|r|i|b|u|t|i|n|g| |o|r|g|a|n|i|z|a|t|i|o|n|.",Maps,JPEG,2022-05-03T00:00:00Z,General Map Collection,p16022coll230,,,South Africa,Africa,,E0273000 E0280000 S0260000 S0263000|(E 27°30ʹ--E 28°00ʹ/S 26°00ʹ--S 26°30ʹ).
"Africa 1:125,000 : Transvaal","Africa 1:125,000 : Transvaal",,Relief shown by by contours and spot heights.; Includes index to adjoining sheets.; Crown Copyright Reserved.,42 x 46 Centimeters,"Scale 1:125,000. 1 inch to 1.97 miles or 1.014 inches to 2 miles",English,Great Britain. War Office,War Office (London),,,1914,,,https://umedia.lib.umn.edu/item/p16022coll230:4246,http://cdm16022.contentdm.oclc.org/utils/getfile/collection/p16022coll230/id/4246/filename/print/page/download/fparams/forcedownload,https://cdm16022.contentdm.oclc.org/utils/getthumbnail/collection/p16022coll230/id/4246,https://cdm16022.contentdm.oclc.org/iiif/info/p16022coll230/4246/manifest.json,U|M|N|_|A|L|M|A|:|9|9|7|8|2|7|9|2|4|0|6|0|1|7|0|1,p16022coll230:4246,Public,University of Minnesota,05d-01,05d-01,64bd8c4c-8e60-4956-b43d-bdc3f93db488,JSON API,2023-02-14,"U|s|e| |o|f| |t|h|i|s| |i|t|e|m| |m|a|y| |b|e| |g|o|v|e|r|n|e|d| |b|y| |U|S| |a|n|d| |i|n|t|e|r|n|a|t|i|o|n|a|l| |c|o|p|y|r|i|g|h|t| |l|a|w|s|.| |Y|o|u| |m|a|y| |b|e| |a|b|l|e| |t|o| |u|s|e| |t|h|i|s| |i|t|e|m|,| |b|u|t| |c|o|p|y|r|i|g|h|t| |a|n|d| |o|t|h|e|r| |c|o|n|s|i|d|e|r|a|t|i|o|n|s| |m|a|y| |a|p|p|l|y|.| |F|o|r| |p|o|s|s|i|b|l|e| |a|d|d|i|t|i|o|n|a|l| |i|n|f|o|r|m|a|t|i|o|n| |o|r| |g|u|i|d|a|n|c|e| |o|n| |y|o|u|r| |u|s|e|,| |p|l|e|a|s|e| |c|o|n|t|a|c|t| |t|h|e| |c|o|n|t|r|i|b|u|t|i|n|g| |o|r|g|a|n|i|z|a|t|i|o|n|.",Maps,JPEG,2022-05-03T00:00:00Z,General Map Collection,p16022coll230,,,South Africa,Africa,,E0270000 E0273000 S0260000 S0263000|(E 27°00ʹ--E 27°30ʹ/S 26°00ʹ--S 26°30ʹ).
A Map of Emin Pasha's province,A Map of Emin Pasha's province,,Showns watercourses and mountains.; Relief shown by shading.,23 x 23 Centimeters,"Scale approximately 1:2,600,000",English,,"Charles Scribner's Sons (New York), 1990",,Emin Pasha Relief Expedition|Emin Pasha Relief Expedition,1890,,,https://umedia.lib.umn.edu/item/p16022coll230:4278,http://cdm16022.contentdm.oclc.org/utils/getfile/collection/p16022coll230/id/4278/filename/print/page/download/fparams/forcedownload,https://cdm16022.contentdm.oclc.org/utils/getthumbnail/collection/p16022coll230/id/4278,https://cdm16022.contentdm.oclc.org/iiif/info/p16022coll230/4278/manifest.json,U|M|N|_|A|L|M|A|:|9|9|7|8|4|3|5|0|7|8|6|0|1|7|0|1,p16022coll230:4278,Public,University of Minnesota,05d-01,05d-01,64bd8c4c-8e60-4956-b43d-bdc3f93db488,JSON API,2023-02-14,"U|s|e| |o|f| |t|h|i|s| |i|t|e|m| |m|a|y| |b|e| |g|o|v|e|r|n|e|d| |b|y| |U|S| |a|n|d| |i|n|t|e|r|n|a|t|i|o|n|a|l| |c|o|p|y|r|i|g|h|t| |l|a|w|s|.| |Y|o|u| |m|a|y| |b|e| |a|b|l|e| |t|o| |u|s|e| |t|h|i|s| |i|t|e|m|,| |b|u|t| |c|o|p|y|r|i|g|h|t| |a|n|d| |o|t|h|e|r| |c|o|n|s|i|d|e|r|a|t|i|o|n|s| |m|a|y| |a|p|p|l|y|.| |F|o|r| |p|o|s|s|i|b|l|e| |a|d|d|i|t|i|o|n|a|l| |i|n|f|o|r|m|a|t|i|o|n| |o|r| |g|u|i|d|a|n|c|e| |o|n| |y|o|u|r| |u|s|e|,| |p|l|e|a|s|e| |c|o|n|t|a|c|t| |t|h|e| |c|o|n|t|r|i|b|u|t|i|n|g| |o|r|g|a|n|i|z|a|t|i|o|n|.",Maps,JPEG,2022-05-03T00:00:00Z,General Map Collection,p16022coll230,,,Uganda,Africa,,E0290000 E0340000 N0060000 N0010000|(E 29°--E 34°/N 6°--N 1°59').
A map of the Island of Sumatra in the East Indies,A map of the Island of Sumatra in the East Indies,,Published 1st November 1810 by Wm. Marsden.,41 x 49 Centimeters,Scale not given,English,"Marsden, William, 1754-1836",Wm. Marsden (London),,,1810,,,https://umedia.lib.umn.edu/item/p16022coll230:4271,http://cdm16022.contentdm.oclc.org/utils/getfile/collection/p16022coll230/id/4271/filename/print/page/download/fparams/forcedownload,https://cdm16022.contentdm.oclc.org/utils/getthumbnail/collection/p16022coll230/id/4271,https://cdm16022.contentdm.oclc.org/iiif/info/p16022coll230/4271/manifest.json,U|M|N|_|A|L|M|A|:|9|9|7|8|3|0|1|9|2|0|8|0|1|7|0|1,p16022coll230:4271,Public,University of Minnesota,05d-01,05d-01,64bd8c4c-8e60-4956-b43d-bdc3f93db488,JSON API,2023-02-14,"U|s|e| |o|f| |t|h|i|s| |i|t|e|m| |m|a|y| |b|e| |g|o|v|e|r|n|e|d| |b|y| |U|S| |a|n|d| |i|n|t|e|r|n|a|t|i|o|n|a|l| |c|o|p|y|r|i|g|h|t| |l|a|w|s|.| |Y|o|u| |m|a|y| |b|e| |a|b|l|e| |t|o| |u|s|e| |t|h|i|s| |i|t|e|m|,| |b|u|t| |c|o|p|y|r|i|g|h|t| |a|n|d| |o|t|h|e|r| |c|o|n|s|i|d|e|r|a|t|i|o|n|s| |m|a|y| |a|p|p|l|y|.| |F|o|r| |p|o|s|s|i|b|l|e| |a|d|d|i|t|i|o|n|a|l| |i|n|f|o|r|m|a|t|i|o|n| |o|r| |g|u|i|d|a|n|c|e| |o|n| |y|o|u|r| |u|s|e|,| |p|l|e|a|s|e| |c|o|n|t|a|c|t| |t|h|e| |c|o|n|t|r|i|b|u|t|i|n|g| |o|r|g|a|n|i|z|a|t|i|o|n|.",Maps,JPEG,2022-05-03T00:00:00Z,General Map Collection,p16022coll230,,,Indonesia,Asia,,E0945900 E1061900 N0055300 S0062800|(E 94°59ʹ00ʺ--E 106°19ʹ00ʺ/N 5°53ʹ00ʺ--S 6°28ʹ00ʺ).
"A new map of Hindoostan : from the latest authorities, chiefly from the actual surveys of the Bengal provinces and of the countries lying between them and Dehly : the whole exhibiting all the military roads and passes, as well as the most accurate division of the British possessions in the East Indies","A new map of Hindoostan : from the latest authorities, chiefly from the actual surveys of the Bengal provinces and of the countries lying between them and Dehly : the whole exhibiting all the military roads and passes, as well as the most accurate division of the British possessions in the East Indies",,Relief shown pictorially.,"119 x 145 Centimeters, sheets 64 x 73 Centimeters","Scale approximately 1:2,500,000",English,"Rennell, James, 1742-1830",Laurie & Whittle (London),,,1794,,,https://umedia.lib.umn.edu/item/p16022coll230:4180,http://cdm16022.contentdm.oclc.org/utils/getfile/collection/p16022coll230/id/4180/filename/print/page/download/fparams/forcedownload,https://cdm16022.contentdm.oclc.org/utils/getthumbnail/collection/p16022coll230/id/4180,https://cdm16022.contentdm.oclc.org/iiif/info/p16022coll230/4180/manifest.json,U|M|N|_|A|L|M|A|:|9|9|7|4|0|8|9|9|9|8|8|0|1|7|0|1,p16022coll230:4180,Public,University of Minnesota,05d-01,05d-01,64bd8c4c-8e60-4956-b43d-bdc3f93db488,JSON API,2023-02-14,"U|s|e| |o|f| |t|h|i|s| |i|t|e|m| |m|a|y| |b|e| |g|o|v|e|r|n|e|d| |b|y| |U|S| |a|n|d| |i|n|t|e|r|n|a|t|i|o|n|a|l| |c|o|p|y|r|i|g|h|t| |l|a|w|s|.| |Y|o|u| |m|a|y| |b|e| |a|b|l|e| |t|o| |u|s|e| |t|h|i|s| |i|t|e|m|,| |b|u|t| |c|o|p|y|r|i|g|h|t| |a|n|d| |o|t|h|e|r| |c|o|n|s|i|d|e|r|a|t|i|o|n|s| |m|a|y| |a|p|p|l|y|.| |F|o|r| |p|o|s|s|i|b|l|e| |a|d|d|i|t|i|o|n|a|l| |i|n|f|o|r|m|a|t|i|o|n| |o|r| |g|u|i|d|a|n|c|e| |o|n| |y|o|u|r| |u|s|e|,| |p|l|e|a|s|e| |c|o|n|t|a|c|t| |t|h|e| |c|o|n|t|r|i|b|u|t|i|n|g| |o|r|g|a|n|i|z|a|t|i|o|n|.",Maps,JPEG,2022-05-03T00:00:00Z,General Map Collection,p16022coll230,,,India|Sri Lanka,Asia,,"E0680600 E0972300 N0354000 N0041200|(E 68°06'00""--E 97°23'00""/N 35°40'00""--N 4°12'00"")."
"Asia, scale 1:4,000,000","Asia, scale 1:4,000,000",,"Relief shown by gradient tints,  shading, and contours.; Includes index to adjoining sheets and index to boundaries.; Includes authorities.; Crown Copyright Reserved.",76 x 94 Centimeters,"Scale 1:4,000,000 ;",English,Great Britain. War Office. General Staff. Geographical Section,War Office (London),,,1927,,,https://umedia.lib.umn.edu/item/p16022coll230:4259,http://cdm16022.contentdm.oclc.org/utils/getfile/collection/p16022coll230/id/4259/filename/print/page/download/fparams/forcedownload,https://cdm16022.contentdm.oclc.org/utils/getthumbnail/collection/p16022coll230/id/4259,https://cdm16022.contentdm.oclc.org/iiif/info/p16022coll230/4259/manifest.json,U|M|N|_|A|L|M|A|:|9|9|7|8|2|9|6|4|0|4|5|0|1|7|0|1,p16022coll230:4259,Public,University of Minnesota,05d-01,05d-01,64bd8c4c-8e60-4956-b43d-bdc3f93db488,JSON API,2023-02-14,"U|s|e| |o|f| |t|h|i|s| |i|t|e|m| |m|a|y| |b|e| |g|o|v|e|r|n|e|d| |b|y| |U|S| |a|n|d| |i|n|t|e|r|n|a|t|i|o|n|a|l| |c|o|p|y|r|i|g|h|t| |l|a|w|s|.| |Y|o|u| |m|a|y| |b|e| |a|b|l|e| |t|o| |u|s|e| |t|h|i|s| |i|t|e|m|,| |b|u|t| |c|o|p|y|r|i|g|h|t| |a|n|d| |o|t|h|e|r| |c|o|n|s|i|d|e|r|a|t|i|o|n|s| |m|a|y| |a|p|p|l|y|.| |F|o|r| |p|o|s|s|i|b|l|e| |a|d|d|i|t|i|o|n|a|l| |i|n|f|o|r|m|a|t|i|o|n| |o|r| |g|u|i|d|a|n|c|e| |o|n| |y|o|u|r| |u|s|e|,| |p|l|e|a|s|e| |c|o|n|t|a|c|t| |t|h|e| |c|o|n|t|r|i|b|u|t|i|n|g| |o|r|g|a|n|i|z|a|t|i|o|n|.",Maps,JPEG,2022-05-03T00:00:00Z,General Map Collection,p16022coll230,,,India|China|Afghanistan|Nepal,Asia,Tibet Autonomous Region,E0600000 E0900000 N0400000 N0200000|(E 60° -- E 90° / N 40° -- N 20°).
"Bacon's motor road map, England & Wales : showing roads, distances and railways","Bacon's motor road map, England & Wales : showing roads, distances and railways",,"Cover title.; Title in upper centre: Bacon's motoring map of England & Wales.; Insets: On north sheet: [Northumberland, Cumberland and Durham]; on south sheet: Continuation west of Cornwall.","136 x194 Centimeters, on sheet 77 x 102 Centimeters","Scale [1:506,880]. 8 miles to 1 inch",English,,G.W. Bacon & Co (London),,Roads|Roads,1920 - 1929,,,https://umedia.lib.umn.edu/item/p16022coll230:4229,http://cdm16022.contentdm.oclc.org/utils/getfile/collection/p16022coll230/id/4229/filename/print/page/download/fparams/forcedownload,https://cdm16022.contentdm.oclc.org/utils/getthumbnail/collection/p16022coll230/id/4229,https://cdm16022.contentdm.oclc.org/iiif/info/p16022coll230/4229/manifest.json,U|M|N|_|A|L|M|A|:|9|9|3|5|1|3|1|6|8|0|0|0|1|7|0|1,p16022coll230:4229,Public,University of Minnesota,05d-01,05d-01,64bd8c4c-8e60-4956-b43d-bdc3f93db488,JSON API,2023-02-14,"U|s|e| |o|f| |t|h|i|s| |i|t|e|m| |m|a|y| |b|e| |g|o|v|e|r|n|e|d| |b|y| |U|S| |a|n|d| |i|n|t|e|r|n|a|t|i|o|n|a|l| |c|o|p|y|r|i|g|h|t| |l|a|w|s|.| |Y|o|u| |m|a|y| |b|e| |a|b|l|e| |t|o| |u|s|e| |t|h|i|s| |i|t|e|m|,| |b|u|t| |c|o|p|y|r|i|g|h|t| |a|n|d| |o|t|h|e|r| |c|o|n|s|i|d|e|r|a|t|i|o|n|s| |m|a|y| |a|p|p|l|y|.| |F|o|r| |p|o|s|s|i|b|l|e| |a|d|d|i|t|i|o|n|a|l| |i|n|f|o|r|m|a|t|i|o|n| |o|r| |g|u|i|d|a|n|c|e| |o|n| |y|o|u|r| |u|s|e|,| |p|l|e|a|s|e| |c|o|n|t|a|c|t| |t|h|e| |c|o|n|t|r|i|b|u|t|i|n|g| |o|r|g|a|n|i|z|a|t|i|o|n|.",Maps,JPEG,2022-05-03T00:00:00Z,General Map Collection,p16022coll230,,England|Wales,United Kingdom,Europe,,W0054200 E0014500 N0530700 N0495500|Not given
"Birds eye view of the city of Louisiana, Pike County, Mo. : 1876","Birds eye view of the city of Louisiana, Pike County, Mo. : 1876",,Birds-eye view.; Relief shown pictorially.; Indexed.,on sheet 34 x 42 Centimeters,Scale not given,English,"Koch, Augustus, 1840-",Chas. Shober & Co (Chicago),,,1876,,,https://umedia.lib.umn.edu/item/p16022coll205:1138,http://cdm16022.contentdm.oclc.org/utils/getfile/collection/p16022coll205/id/1138/filename/print/page/download/fparams/forcedownload,https://cdm16022.contentdm.oclc.org/utils/getthumbnail/collection/p16022coll205/id/1138,https://cdm16022.contentdm.oclc.org/iiif/info/p16022coll205/1138/manifest.json,U|M|N|_|A|L|M|A|:|9|9|1|5|1|6|9|3|3|0|0|0|1|7|0|1,p16022coll205:1138,Public,University of Minnesota,05d-01,05d-01,64bd8c4c-8e60-4956-b43d-bdc3f93db488,JSON API,2023-02-14,"U|s|e| |o|f| |t|h|i|s| |i|t|e|m| |m|a|y| |b|e| |g|o|v|e|r|n|e|d| |b|y| |U|S| |a|n|d| |i|n|t|e|r|n|a|t|i|o|n|a|l| |c|o|p|y|r|i|g|h|t| |l|a|w|s|.| |Y|o|u| |m|a|y| |b|e| |a|b|l|e| |t|o| |u|s|e| |t|h|i|s| |i|t|e|m|,| |b|u|t| |c|o|p|y|r|i|g|h|t| |a|n|d| |o|t|h|e|r| |c|o|n|s|i|d|e|r|a|t|i|o|n|s| |m|a|y| |a|p|p|l|y|.| |F|o|r| |p|o|s|s|i|b|l|e| |a|d|d|i|t|i|o|n|a|l| |i|n|f|o|r|m|a|t|i|o|n| |o|r| |g|u|i|d|a|n|c|e| |o|n| |y|o|u|r| |u|s|e|,| |p|l|e|a|s|e| |c|o|n|t|a|c|t| |t|h|e| |c|o|n|t|r|i|b|u|t|i|n|g| |o|r|g|a|n|i|z|a|t|i|o|n|.",Maps,JPEG,2022-05-03T00:00:00Z,City Maps,p16022coll205,,Louisiana,United States,North America,,"W0910542 W0910139 N0392734 N0392448|(W 91°05'42""--W 91°01'39""/N 39°27'34""--N 39°24'48"")."
British India : southern part,British India : southern part,,"Imprint derived from the atlas in which the map was issued.; Neele sculpt.; Numbered No. 42.; Shows boundaries, rivers and principal settlements; colouring shows possession.; Relief shown by hachures and shading.; Greenwich meridian.",51 x 60 Centimeters,"Scale approximately 1:3,000,000",English,,Drawn & engraved for Thomson's New general Atlas (Edinburgh),,,1816,,,https://umedia.lib.umn.edu/item/p16022coll230:4212,http://cdm16022.contentdm.oclc.org/utils/getfile/collection/p16022coll230/id/4212/filename/print/page/download/fparams/forcedownload,https://cdm16022.contentdm.oclc.org/utils/getthumbnail/collection/p16022coll230/id/4212,https://cdm16022.contentdm.oclc.org/iiif/info/p16022coll230/4212/manifest.json,U|M|N|_|A|L|M|A|:|9|9|7|6|5|6|1|8|0|8|3|0|1|7|0|1,p16022coll230:4212,Public,University of Minnesota,05d-01,05d-01,64bd8c4c-8e60-4956-b43d-bdc3f93db488,JSON API,2023-02-14,"U|s|e| |o|f| |t|h|i|s| |i|t|e|m| |m|a|y| |b|e| |g|o|v|e|r|n|e|d| |b|y| |U|S| |a|n|d| |i|n|t|e|r|n|a|t|i|o|n|a|l| |c|o|p|y|r|i|g|h|t| |l|a|w|s|.| |Y|o|u| |m|a|y| |b|e| |a|b|l|e| |t|o| |u|s|e| |t|h|i|s| |i|t|e|m|,| |b|u|t| |c|o|p|y|r|i|g|h|t| |a|n|d| |o|t|h|e|r| |c|o|n|s|i|d|e|r|a|t|i|o|n|s| |m|a|y| |a|p|p|l|y|.| |F|o|r| |p|o|s|s|i|b|l|e| |a|d|d|i|t|i|o|n|a|l| |i|n|f|o|r|m|a|t|i|o|n| |o|r| |g|u|i|d|a|n|c|e| |o|n| |y|o|u|r| |u|s|e|,| |p|l|e|a|s|e| |c|o|n|t|a|c|t| |t|h|e| |c|o|n|t|r|i|b|u|t|i|n|g| |o|r|g|a|n|i|z|a|t|i|o|n|.",Maps,JPEG,2022-05-03T00:00:00Z,General Map Collection,p16022coll230,,,India,Asia,,E0710000 E0880100 N0200000 N0070000|(E 71°--E 88°/N 20°--N 7°).
California,California,,Relief shown by hachures.; Inset: City of San Francisco.; In upper right corner: No. 52.; Entered according to Act of Congress in the year 1855 by J.H. Colton.,on sheet 58 x 45 Centimeters,"Scale approximately 1:2,700,000",English,"Colton, J. H. (Joseph Hutchins), 1800-1893",J.H. Colton (New York),,,1855,,,https://umedia.lib.umn.edu/item/p16022coll230:4230,http://cdm16022.contentdm.oclc.org/utils/getfile/collection/p16022coll230/id/4230/filename/print/page/download/fparams/forcedownload,https://cdm16022.contentdm.oclc.org/utils/getthumbnail/collection/p16022coll230/id/4230,https://cdm16022.contentdm.oclc.org/iiif/info/p16022coll230/4230/manifest.json,U|M|N|_|A|L|M|A|:|9|9|5|2|8|1|2|9|3|0|0|0|1|7|0|1,p16022coll230:4230,Public,University of Minnesota,05d-01,05d-01,64bd8c4c-8e60-4956-b43d-bdc3f93db488,JSON API,2023-02-14,"U|s|e| |o|f| |t|h|i|s| |i|t|e|m| |m|a|y| |b|e| |g|o|v|e|r|n|e|d| |b|y| |U|S| |a|n|d| |i|n|t|e|r|n|a|t|i|o|n|a|l| |c|o|p|y|r|i|g|h|t| |l|a|w|s|.| |Y|o|u| |m|a|y| |b|e| |a|b|l|e| |t|o| |u|s|e| |t|h|i|s| |i|t|e|m|,| |b|u|t| |c|o|p|y|r|i|g|h|t| |a|n|d| |o|t|h|e|r| |c|o|n|s|i|d|e|r|a|t|i|o|n|s| |m|a|y| |a|p|p|l|y|.| |F|o|r| |p|o|s|s|i|b|l|e| |a|d|d|i|t|i|o|n|a|l| |i|n|f|o|r|m|a|t|i|o|n| |o|r| |g|u|i|d|a|n|c|e| |o|n| |y|o|u|r| |u|s|e|,| |p|l|e|a|s|e| |c|o|n|t|a|c|t| |t|h|e| |c|o|n|t|r|i|b|u|t|i|n|g| |o|r|g|a|n|i|z|a|t|i|o|n|.",Maps,JPEG,2022-05-03T00:00:00Z,General Map Collection,p16022coll230,,California,United States,North America,,W1242500 W1140700 N0420000 N0323200|(W 124°25ʹ--W 114°07ʹ/N 42°00ʹ--N 32°32ʹ).
Carte des colonies de l'A.O.F Niger-Dahomey 1/500 000e,Carte des colonies de l'A.O.F Niger-Dahomey 1/500 000e,,Relief shown by form lines.; Includes location map and index to adjacent sheets.; Carte de Reconnaissance.; Date de publication: Juin 1926.,60 x 80 Centimeters,"Scale 1:500,000",French,French West Africa. Service géographique,Blondel la Rougery (Paris),,,1926,,,https://umedia.lib.umn.edu/item/p16022coll230:4207,http://cdm16022.contentdm.oclc.org/utils/getfile/collection/p16022coll230/id/4207/filename/print/page/download/fparams/forcedownload,https://cdm16022.contentdm.oclc.org/utils/getthumbnail/collection/p16022coll230/id/4207,https://cdm16022.contentdm.oclc.org/iiif/info/p16022coll230/4207/manifest.json,U|M|N|_|A|L|M|A|:|9|9|7|8|2|7|6|3|9|5|0|0|1|7|0|1,p16022coll230:4207,Public,University of Minnesota,05d-01,05d-01,64bd8c4c-8e60-4956-b43d-bdc3f93db488,JSON API,2023-02-14,"U|s|e| |o|f| |t|h|i|s| |i|t|e|m| |m|a|y| |b|e| |g|o|v|e|r|n|e|d| |b|y| |U|S| |a|n|d| |i|n|t|e|r|n|a|t|i|o|n|a|l| |c|o|p|y|r|i|g|h|t| |l|a|w|s|.| |Y|o|u| |m|a|y| |b|e| |a|b|l|e| |t|o| |u|s|e| |t|h|i|s| |i|t|e|m|,| |b|u|t| |c|o|p|y|r|i|g|h|t| |a|n|d| |o|t|h|e|r| |c|o|n|s|i|d|e|r|a|t|i|o|n|s| |m|a|y| |a|p|p|l|y|.| |F|o|r| |p|o|s|s|i|b|l|e| |a|d|d|i|t|i|o|n|a|l| |i|n|f|o|r|m|a|t|i|o|n| |o|r| |g|u|i|d|a|n|c|e| |o|n| |y|o|u|r| |u|s|e|,| |p|l|e|a|s|e| |c|o|n|t|a|c|t| |t|h|e| |c|o|n|t|r|i|b|u|t|i|n|g| |o|r|g|a|n|i|z|a|t|i|o|n|.",Maps,JPEG,2022-05-03T00:00:00Z,General Map Collection,p16022coll230,,,Niger|Nigeria|Benin,Africa,,E0030000 E0060000 N0140000 N0120000|(E 3°--E 6° / N 14°--N 12°).
"Carte des Royaumes d'Angleterre, d'Ecosse et d'Irlande : avec les costes maritimes de France, Païs-Bas, d'Allemagne, Danemarck et Norvège, qui environnent la Mer du Nord, ou sont marquez les Bancs et les Sondes &c. : dressée sur plusieurs cartes particulières, mémoires et autres, faites sur les lieux par opérations géométriques","Carte des Royaumes d'Angleterre, d'Ecosse et d'Irlande : avec les costes maritimes de France, Païs-Bas, d'Allemagne, Danemarck et Norvège, qui environnent la Mer du Nord, ou sont marquez les Bancs et les Sondes &c. : dressée sur plusieurs cartes particulières, mémoires et autres, faites sur les lieux par opérations géométriques",,"Relief shown pictorially, depths by soundings.; Avec privil du Roï.; Decorative title cartouche showing the coat of arms of great Britain with mythological figures. Includes compass rose.; Hand colored in outline.","62 x 83 Centimeters, sheets 80 x 58 Centimeters, or smaller","Scale approximately 1:1,500,000",French,"Inselin, C","Chez Sr. Jaillot, Géographe, joignant les Grands Augustins aux deux Globes (A Paris)",,Coasts|Nautical Charts,1715,,,https://umedia.lib.umn.edu/item/p16022coll230:4276,http://cdm16022.contentdm.oclc.org/utils/getfile/collection/p16022coll230/id/4276/filename/print/page/download/fparams/forcedownload,https://cdm16022.contentdm.oclc.org/utils/getthumbnail/collection/p16022coll230/id/4276,https://cdm16022.contentdm.oclc.org/iiif/info/p16022coll230/4276/manifest.json,U|M|N|_|A|L|M|A|:|9|9|7|8|3|0|1|8|5|1|0|0|1|7|0|1,p16022coll230:4276,Public,University of Minnesota,05d-01,05d-01,64bd8c4c-8e60-4956-b43d-bdc3f93db488,JSON API,2023-02-14,"U|s|e| |o|f| |t|h|i|s| |i|t|e|m| |m|a|y| |b|e| |g|o|v|e|r|n|e|d| |b|y| |U|S| |a|n|d| |i|n|t|e|r|n|a|t|i|o|n|a|l| |c|o|p|y|r|i|g|h|t| |l|a|w|s|.| |Y|o|u| |m|a|y| |b|e| |a|b|l|e| |t|o| |u|s|e| |t|h|i|s| |i|t|e|m|,| |b|u|t| |c|o|p|y|r|i|g|h|t| |a|n|d| |o|t|h|e|r| |c|o|n|s|i|d|e|r|a|t|i|o|n|s| |m|a|y| |a|p|p|l|y|.| |F|o|r| |p|o|s|s|i|b|l|e| |a|d|d|i|t|i|o|n|a|l| |i|n|f|o|r|m|a|t|i|o|n| |o|r| |g|u|i|d|a|n|c|e| |o|n| |y|o|u|r| |u|s|e|,| |p|l|e|a|s|e| |c|o|n|t|a|c|t| |t|h|e| |c|o|n|t|r|i|b|u|t|i|n|g| |o|r|g|a|n|i|z|a|t|i|o|n|.",Maps,JPEG,2022-05-03T00:00:00Z,General Map Collection,p16022coll230,,Scotland,Ireland|United Kingdom,Europe,,W0103800 E0123800 N0591900 N0492100|(W 10°38ʹ00ʺ--E 12°38ʹ00ʺ/N 59°19ʹ00ʺ--N 49°21ʹ00ʺ).
"Carte du front français d'après la carte d'Europe publiée par la Société d'Editions géographiques, maritimes et coloniales","Carte du front français d'après la carte d'Europe publiée par la Société d'Editions géographiques, maritimes et coloniales",,"Covers eastern part of France to western border Czechoslovakia, Copenhagen in north to Florence in south.; Shows cities, towns, roads, waterways, and the location of troops and fortifications along the French front.; Relief shown by shading and spot heights.; Depths shown by isolines.",72 x 52 Centimeters,"Scale approximately 1:1,960,784",French,Imprimerie Grou-Radenez,Impr. Grou-Radenez (Paris),,"World War, 1914 1918|Roads|Cities and Towns",1900,,,https://umedia.lib.umn.edu/item/p16022coll230:4188,http://cdm16022.contentdm.oclc.org/utils/getfile/collection/p16022coll230/id/4188/filename/print/page/download/fparams/forcedownload,https://cdm16022.contentdm.oclc.org/utils/getthumbnail/collection/p16022coll230/id/4188,https://cdm16022.contentdm.oclc.org/iiif/info/p16022coll230/4188/manifest.json,U|M|N|_|A|L|M|A|:|9|9|2|9|8|2|1|8|6|0|0|0|1|7|0|1,p16022coll230:4188,Public,University of Minnesota,05d-01,05d-01,64bd8c4c-8e60-4956-b43d-bdc3f93db488,JSON API,2023-02-14,"U|s|e| |o|f| |t|h|i|s| |i|t|e|m| |m|a|y| |b|e| |g|o|v|e|r|n|e|d| |b|y| |U|S| |a|n|d| |i|n|t|e|r|n|a|t|i|o|n|a|l| |c|o|p|y|r|i|g|h|t| |l|a|w|s|.| |Y|o|u| |m|a|y| |b|e| |a|b|l|e| |t|o| |u|s|e| |t|h|i|s| |i|t|e|m|,| |b|u|t| |c|o|p|y|r|i|g|h|t| |a|n|d| |o|t|h|e|r| |c|o|n|s|i|d|e|r|a|t|i|o|n|s| |m|a|y| |a|p|p|l|y|.| |F|o|r| |p|o|s|s|i|b|l|e| |a|d|d|i|t|i|o|n|a|l| |i|n|f|o|r|m|a|t|i|o|n| |o|r| |g|u|i|d|a|n|c|e| |o|n| |y|o|u|r| |u|s|e|,| |p|l|e|a|s|e| |c|o|n|t|a|c|t| |t|h|e| |c|o|n|t|r|i|b|u|t|i|n|g| |o|r|g|a|n|i|z|a|t|i|o|n|.",Maps,JPEG,2022-05-03T00:00:00Z,General Map Collection,p16022coll230,,,,Europe,,E0001700 E0151300 N0555200 N0425600|(E 0°17'--E 15°13'/N 55°52'--N 42°56')
Carte du grand-duché de Luxembourg,Carte du grand-duché de Luxembourg,,Relief shown by spot heights.,59 x 46 Centimeters,"Scale 1:150,000",French,,E. Blondel La Rougery (Paris),,Roads,1929,,,https://umedia.lib.umn.edu/item/p16022coll230:4256,http://cdm16022.contentdm.oclc.org/utils/getfile/collection/p16022coll230/id/4256/filename/print/page/download/fparams/forcedownload,https://cdm16022.contentdm.oclc.org/utils/getthumbnail/collection/p16022coll230/id/4256,https://cdm16022.contentdm.oclc.org/iiif/info/p16022coll230/4256/manifest.json,U|M|N|_|A|L|M|A|:|9|9|7|8|5|0|7|3|6|5|5|0|1|7|0|1,p16022coll230:4256,Public,University of Minnesota,05d-01,05d-01,64bd8c4c-8e60-4956-b43d-bdc3f93db488,JSON API,2023-02-14,"U|s|e| |o|f| |t|h|i|s| |i|t|e|m| |m|a|y| |b|e| |g|o|v|e|r|n|e|d| |b|y| |U|S| |a|n|d| |i|n|t|e|r|n|a|t|i|o|n|a|l| |c|o|p|y|r|i|g|h|t| |l|a|w|s|.| |Y|o|u| |m|a|y| |b|e| |a|b|l|e| |t|o| |u|s|e| |t|h|i|s| |i|t|e|m|,| |b|u|t| |c|o|p|y|r|i|g|h|t| |a|n|d| |o|t|h|e|r| |c|o|n|s|i|d|e|r|a|t|i|o|n|s| |m|a|y| |a|p|p|l|y|.| |F|o|r| |p|o|s|s|i|b|l|e| |a|d|d|i|t|i|o|n|a|l| |i|n|f|o|r|m|a|t|i|o|n| |o|r| |g|u|i|d|a|n|c|e| |o|n| |y|o|u|r| |u|s|e|,| |p|l|e|a|s|e| |c|o|n|t|a|c|t| |t|h|e| |c|o|n|t|r|i|b|u|t|i|n|g| |o|r|g|a|n|i|z|a|t|i|o|n|.",Maps,JPEG,2022-05-03T00:00:00Z,General Map Collection,p16022coll230,,,Luxembourg,Europe,,"E0054400 E0063100 N0501000 N0492600|(E 5°44'00""-E 6°31'00""/N 50°10'00""-N 49°26'00"")."
"Carte d'une partie de La Mer du Sud : contenant les decouvertes des vaisseaux de sa majeste Le Dauphin, Commodore Byron, la Tamar, Capitne. Mouats, 1765. Le Dauphin, Capitne. Wallis, Le Swallow, Capitne. Carteret 1767 et l'Endeavour Lieutenant Cook 1769","Carte d'une partie de La Mer du Sud : contenant les decouvertes des vaisseaux de sa majeste Le Dauphin, Commodore Byron, la Tamar, Capitne. Mouats, 1765. Le Dauphin, Capitne. Wallis, Le Swallow, Capitne. Carteret 1767 et l'Endeavour Lieutenant Cook 1769",,"Glassbach Sc. -- lower right margin below map border.; Notation in pencil in margin: From John Hawkesworth's 'Relation des voyages entrepris par ordre de sa Majesté Britannique,etc.' Traduite d l'Anglaise. Paris, 1774.; Shows tracks of voyages in Southern Pacific and Australia.; Includes note.",39 x 67Centimeters,"Scale approximately 1:40,000,000",French,"Glassbach, Christian Benjamin, 1724-1779",publisher not identified (Paris),,Discoveries in Geography,1774,,,https://umedia.lib.umn.edu/item/p16022coll230:4272,http://cdm16022.contentdm.oclc.org/utils/getfile/collection/p16022coll230/id/4272/filename/print/page/download/fparams/forcedownload,https://cdm16022.contentdm.oclc.org/utils/getthumbnail/collection/p16022coll230/id/4272,https://cdm16022.contentdm.oclc.org/iiif/info/p16022coll230/4272/manifest.json,U|M|N|_|A|L|M|A|:|9|9|7|8|3|0|1|8|4|0|3|0|1|7|0|1,p16022coll230:4272,Public,University of Minnesota,05d-01,05d-01,64bd8c4c-8e60-4956-b43d-bdc3f93db488,JSON API,2023-02-14,"U|s|e| |o|f| |t|h|i|s| |i|t|e|m| |m|a|y| |b|e| |g|o|v|e|r|n|e|d| |b|y| |U|S| |a|n|d| |i|n|t|e|r|n|a|t|i|o|n|a|l| |c|o|p|y|r|i|g|h|t| |l|a|w|s|.| |Y|o|u| |m|a|y| |b|e| |a|b|l|e| |t|o| |u|s|e| |t|h|i|s| |i|t|e|m|,| |b|u|t| |c|o|p|y|r|i|g|h|t| |a|n|d| |o|t|h|e|r| |c|o|n|s|i|d|e|r|a|t|i|o|n|s| |m|a|y| |a|p|p|l|y|.| |F|o|r| |p|o|s|s|i|b|l|e| |a|d|d|i|t|i|o|n|a|l| |i|n|f|o|r|m|a|t|i|o|n| |o|r| |g|u|i|d|a|n|c|e| |o|n| |y|o|u|r| |u|s|e|,| |p|l|e|a|s|e| |c|o|n|t|a|c|t| |t|h|e| |c|o|n|t|r|i|b|u|t|i|n|g| |o|r|g|a|n|i|z|a|t|i|o|n|.",Maps,JPEG,2022-05-03T00:00:00Z,General Map Collection,p16022coll230,,,,,Oceania,E0994400 W0662100 N0233300 S0551900|(E 99°44ʹ00ʺ--W 66°21ʹ00ʺ/N 23°33ʹ00ʺ--S 55°19ʹ00ʺ)
Carte particuliere de la côte du nord-ouest de l'Amérique : reconnue par les frégates Françaises la Boussole et l'Astrolabe en 1786,Carte particuliere de la côte du nord-ouest de l'Amérique : reconnue par les frégates Françaises la Boussole et l'Astrolabe en 1786,,"Relief shown by hachures; depths shown by soundings.; Shows the Pacific Coast of British Columbia and Alaska.; In: La Pérouse. Voyage de La Pérouse autour du monde ... . Paris, 1797. Atlas, no. 17.",49.2 x 68 Centimeters,"Scale approximately 1:1,790,000.",French,"La Pérouse, Jean-François de Galaup, comte de, 1741-1788",Imprimerie de la République (Paris),,,1797,,,https://umedia.lib.umn.edu/item/p16022coll230:4247,http://cdm16022.contentdm.oclc.org/utils/getfile/collection/p16022coll230/id/4247/filename/print/page/download/fparams/forcedownload,https://cdm16022.contentdm.oclc.org/utils/getthumbnail/collection/p16022coll230/id/4247,https://cdm16022.contentdm.oclc.org/iiif/info/p16022coll230/4247/manifest.json,U|M|N|_|A|L|M|A|:|9|9|7|5|2|5|2|9|0|9|0|0|1|7|0|1,p16022coll230:4247,Public,University of Minnesota,05d-01,05d-01,64bd8c4c-8e60-4956-b43d-bdc3f93db488,JSON API,2023-02-14,"U|s|e| |o|f| |t|h|i|s| |i|t|e|m| |m|a|y| |b|e| |g|o|v|e|r|n|e|d| |b|y| |U|S| |a|n|d| |i|n|t|e|r|n|a|t|i|o|n|a|l| |c|o|p|y|r|i|g|h|t| |l|a|w|s|.| |Y|o|u| |m|a|y| |b|e| |a|b|l|e| |t|o| |u|s|e| |t|h|i|s| |i|t|e|m|,| |b|u|t| |c|o|p|y|r|i|g|h|t| |a|n|d| |o|t|h|e|r| |c|o|n|s|i|d|e|r|a|t|i|o|n|s| |m|a|y| |a|p|p|l|y|.| |F|o|r| |p|o|s|s|i|b|l|e| |a|d|d|i|t|i|o|n|a|l| |i|n|f|o|r|m|a|t|i|o|n| |o|r| |g|u|i|d|a|n|c|e| |o|n| |y|o|u|r| |u|s|e|,| |p|l|e|a|s|e| |c|o|n|t|a|c|t| |t|h|e| |c|o|n|t|r|i|b|u|t|i|n|g| |o|r|g|a|n|i|z|a|t|i|o|n|.",Maps,JPEG,2022-05-03T00:00:00Z,General Map Collection,p16022coll230,,Alaska|British Columbia,United States|Canada,North America,,W1475700 W1300200 N0611600 N0535600|Not given
Charte von Indostan,Charte von Indostan,,Relief shown by hachures and pictorially.; Includes illustration of two figures on shore with ship in background.,34 x 34 centimeters,"Scale approximately 1:8,000,000",German,"Endner, Gustav Georg, 1754-1824",(Leipzig?),,,1787?,,,https://umedia.lib.umn.edu/item/p16022coll230:4260,http://cdm16022.contentdm.oclc.org/utils/getfile/collection/p16022coll230/id/4260/filename/print/page/download/fparams/forcedownload,https://cdm16022.contentdm.oclc.org/utils/getthumbnail/collection/p16022coll230/id/4260,https://cdm16022.contentdm.oclc.org/iiif/info/p16022coll230/4260/manifest.json,U|M|N|_|A|L|M|A|:|9|9|7|6|1|5|6|4|8|6|0|0|1|7|0|1,p16022coll230:4260,Public,University of Minnesota,05d-01,05d-01,64bd8c4c-8e60-4956-b43d-bdc3f93db488,JSON API,2023-02-14,"U|s|e| |o|f| |t|h|i|s| |i|t|e|m| |m|a|y| |b|e| |g|o|v|e|r|n|e|d| |b|y| |U|S| |a|n|d| |i|n|t|e|r|n|a|t|i|o|n|a|l| |c|o|p|y|r|i|g|h|t| |l|a|w|s|.| |Y|o|u| |m|a|y| |b|e| |a|b|l|e| |t|o| |u|s|e| |t|h|i|s| |i|t|e|m|,| |b|u|t| |c|o|p|y|r|i|g|h|t| |a|n|d| |o|t|h|e|r| |c|o|n|s|i|d|e|r|a|t|i|o|n|s| |m|a|y| |a|p|p|l|y|.| |F|o|r| |p|o|s|s|i|b|l|e| |a|d|d|i|t|i|o|n|a|l| |i|n|f|o|r|m|a|t|i|o|n| |o|r| |g|u|i|d|a|n|c|e| |o|n| |y|o|u|r| |u|s|e|,| |p|l|e|a|s|e| |c|o|n|t|a|c|t| |t|h|e| |c|o|n|t|r|i|b|u|t|i|n|g| |o|r|g|a|n|i|z|a|t|i|o|n|.",Maps,JPEG,2022-05-03T00:00:00Z,General Map Collection,p16022coll230,,,,,,E0680600 E0972300 N0354000 N0063300|(E 68°06'--E 97°23'/N 35°40'--N 6°33')
Chile,Chile,,Relief shown by hachures and spot heights.,84 x 17 Centimeters,"Scale approximately 1:3,400,000",English,Edward Stanford Ltd,Stanford's Geogr. Estabt (London),,,1902?,,,https://umedia.lib.umn.edu/item/p16022coll230:4250,http://cdm16022.contentdm.oclc.org/utils/getfile/collection/p16022coll230/id/4250/filename/print/page/download/fparams/forcedownload,https://cdm16022.contentdm.oclc.org/utils/getthumbnail/collection/p16022coll230/id/4250,https://cdm16022.contentdm.oclc.org/iiif/info/p16022coll230/4250/manifest.json,U|M|N|_|A|L|M|A|:|9|9|7|6|7|1|5|2|0|9|0|0|1|7|0|1,p16022coll230:4250,Public,University of Minnesota,05d-01,05d-01,64bd8c4c-8e60-4956-b43d-bdc3f93db488,JSON API,2023-02-14,"U|s|e| |o|f| |t|h|i|s| |i|t|e|m| |m|a|y| |b|e| |g|o|v|e|r|n|e|d| |b|y| |U|S| |a|n|d| |i|n|t|e|r|n|a|t|i|o|n|a|l| |c|o|p|y|r|i|g|h|t| |l|a|w|s|.| |Y|o|u| |m|a|y| |b|e| |a|b|l|e| |t|o| |u|s|e| |t|h|i|s| |i|t|e|m|,| |b|u|t| |c|o|p|y|r|i|g|h|t| |a|n|d| |o|t|h|e|r| |c|o|n|s|i|d|e|r|a|t|i|o|n|s| |m|a|y| |a|p|p|l|y|.| |F|o|r| |p|o|s|s|i|b|l|e| |a|d|d|i|t|i|o|n|a|l| |i|n|f|o|r|m|a|t|i|o|n| |o|r| |g|u|i|d|a|n|c|e| |o|n| |y|o|u|r| |u|s|e|,| |p|l|e|a|s|e| |c|o|n|t|a|c|t| |t|h|e| |c|o|n|t|r|i|b|u|t|i|n|g| |o|r|g|a|n|i|z|a|t|i|o|n|.",Maps,JPEG,2022-05-03T00:00:00Z,General Map Collection,p16022coll230,,,Chile,South America,,W1094000 W0660400 S0172900 S0564300|(W 109°40'--W 66°04'/S 17°29'--S 56°43').
Clason's guide map of New Mexico,Clason's guide map of New Mexico,,"Shows roads, railroads, counties, Indian reservations, and national forests.; State and city maps, auto road logs, railroads; commercial index of towns giving hotels, industries, altitudes, population, etc.--From index booklet.","43 x 38 Centimeters, folded to 16 x 10 Centimeters +","Scale approximately 1:1,560,000.",English,Clason Map Co,Clason Map Co (Chicago),,,1920 - 1929,,,https://umedia.lib.umn.edu/item/p16022coll230:4191,http://cdm16022.contentdm.oclc.org/utils/getfile/collection/p16022coll230/id/4191/filename/print/page/download/fparams/forcedownload,https://cdm16022.contentdm.oclc.org/utils/getthumbnail/collection/p16022coll230/id/4191,https://cdm16022.contentdm.oclc.org/iiif/info/p16022coll230/4191/manifest.json,U|M|N|_|A|L|M|A|:|9|9|4|0|9|0|1|1|9|0|0|0|1|7|0|1,p16022coll230:4191,Public,University of Minnesota,05d-01,05d-01,64bd8c4c-8e60-4956-b43d-bdc3f93db488,JSON API,2023-02-14,"U|s|e| |o|f| |t|h|i|s| |i|t|e|m| |m|a|y| |b|e| |g|o|v|e|r|n|e|d| |b|y| |U|S| |a|n|d| |i|n|t|e|r|n|a|t|i|o|n|a|l| |c|o|p|y|r|i|g|h|t| |l|a|w|s|.| |Y|o|u| |m|a|y| |b|e| |a|b|l|e| |t|o| |u|s|e| |t|h|i|s| |i|t|e|m|,| |b|u|t| |c|o|p|y|r|i|g|h|t| |a|n|d| |o|t|h|e|r| |c|o|n|s|i|d|e|r|a|t|i|o|n|s| |m|a|y| |a|p|p|l|y|.| |F|o|r| |p|o|s|s|i|b|l|e| |a|d|d|i|t|i|o|n|a|l| |i|n|f|o|r|m|a|t|i|o|n| |o|r| |g|u|i|d|a|n|c|e| |o|n| |y|o|u|r| |u|s|e|,| |p|l|e|a|s|e| |c|o|n|t|a|c|t| |t|h|e| |c|o|n|t|r|i|b|u|t|i|n|g| |o|r|g|a|n|i|z|a|t|i|o|n|.",Maps,JPEG,2022-05-03T00:00:00Z,General Map Collection,p16022coll230,,New Mexico,United States,North America,,-109.0502 -103.0022 037.0002 031.3322|(W 109°03ʹ00ʺ--W 103°00ʹ00ʺ/N 37°00ʹ00ʺ--N 31°19ʹ00ʺ)
Colombie,Colombie,,"Relief shown by hachures.; Publication date from title page of atlas.; Includes text surrounding map.; Above neat line: Carte géographique, statistique et historique de la république Colombienne.; In: Buchon, J. Atlas géographique, statistique ... . Paris, 1825. No. 54 (incorrectly engraved LVI).",22.7 x 27.7 Centimeters,"Scale approximately 1:9,150,000.",French,,Fonderie et imprimerie de J. Carez (Paris),,,1825,,,https://umedia.lib.umn.edu/item/p16022coll230:4193,http://cdm16022.contentdm.oclc.org/utils/getfile/collection/p16022coll230/id/4193/filename/print/page/download/fparams/forcedownload,https://cdm16022.contentdm.oclc.org/utils/getthumbnail/collection/p16022coll230/id/4193,https://cdm16022.contentdm.oclc.org/iiif/info/p16022coll230/4193/manifest.json,U|M|N|_|A|L|M|A|:|9|9|7|5|2|8|1|9|0|6|3|0|1|7|0|1,p16022coll230:4193,Public,University of Minnesota,05d-01,05d-01,64bd8c4c-8e60-4956-b43d-bdc3f93db488,JSON API,2023-02-14,"U|s|e| |o|f| |t|h|i|s| |i|t|e|m| |m|a|y| |b|e| |g|o|v|e|r|n|e|d| |b|y| |U|S| |a|n|d| |i|n|t|e|r|n|a|t|i|o|n|a|l| |c|o|p|y|r|i|g|h|t| |l|a|w|s|.| |Y|o|u| |m|a|y| |b|e| |a|b|l|e| |t|o| |u|s|e| |t|h|i|s| |i|t|e|m|,| |b|u|t| |c|o|p|y|r|i|g|h|t| |a|n|d| |o|t|h|e|r| |c|o|n|s|i|d|e|r|a|t|i|o|n|s| |m|a|y| |a|p|p|l|y|.| |F|o|r| |p|o|s|s|i|b|l|e| |a|d|d|i|t|i|o|n|a|l| |i|n|f|o|r|m|a|t|i|o|n| |o|r| |g|u|i|d|a|n|c|e| |o|n| |y|o|u|r| |u|s|e|,| |p|l|e|a|s|e| |c|o|n|t|a|c|t| |t|h|e| |c|o|n|t|r|i|b|u|t|i|n|g| |o|r|g|a|n|i|z|a|t|i|o|n|.",Maps,JPEG,2022-05-03T00:00:00Z,General Map Collection,p16022coll230,,,Colombia|Ecuador|Venezuela (Bolivarian Republic),South America,,W0814900 W0665100 N0133100 S0050900|Not given
"Country bordering the Great Trunk Road between Benares and Dehli : complied from the Revenue Surveys, based on the Great Trigonometrical Operations, 1857","Country bordering the Great Trunk Road between Benares and Dehli : complied from the Revenue Surveys, based on the Great Trigonometrical Operations, 1857",,Extracted from an unfinished map of the N W Provinces under compilation in the Surveyor General's Office Calcutta December 1857.,color ;,"Scale 1:506,880.  ""Scale 8 miles = 1 inch""",English,Survey of India,Surveyor General's Office (Calcutta),,,1857,,,https://umedia.lib.umn.edu/item/p16022coll246:448,http://cdm16022.contentdm.oclc.org/utils/getfile/collection/p16022coll246/id/448/filename/print/page/download/fparams/forcedownload,https://cdm16022.contentdm.oclc.org/utils/getthumbnail/collection/p16022coll246/id/448,https://cdm16022.contentdm.oclc.org/iiif/info/p16022coll246/448/manifest.json,U|M|N|_|A|L|M|A|:|9|9|7|4|0|9|0|0|7|2|7|0|1|7|0|1,p16022coll246:448,Public,University of Minnesota,05d-01,05d-01,64bd8c4c-8e60-4956-b43d-bdc3f93db488,JSON API,2023-02-14,"U|s|e| |o|f| |t|h|i|s| |i|t|e|m| |m|a|y| |b|e| |g|o|v|e|r|n|e|d| |b|y| |U|S| |a|n|d| |i|n|t|e|r|n|a|t|i|o|n|a|l| |c|o|p|y|r|i|g|h|t| |l|a|w|s|.| |Y|o|u| |m|a|y| |b|e| |a|b|l|e| |t|o| |u|s|e| |t|h|i|s| |i|t|e|m|,| |b|u|t| |c|o|p|y|r|i|g|h|t| |a|n|d| |o|t|h|e|r| |c|o|n|s|i|d|e|r|a|t|i|o|n|s| |m|a|y| |a|p|p|l|y|.| |F|o|r| |p|o|s|s|i|b|l|e| |a|d|d|i|t|i|o|n|a|l| |i|n|f|o|r|m|a|t|i|o|n| |o|r| |g|u|i|d|a|n|c|e| |o|n| |y|o|u|r| |u|s|e|,| |p|l|e|a|s|e| |c|o|n|t|a|c|t| |t|h|e| |c|o|n|t|r|i|b|u|t|i|n|g| |o|r|g|a|n|i|z|a|t|i|o|n|.",Maps,JPEG,2022-05-03T00:00:00Z,Ames Library of South Asia Maps,p16022coll246,,,India|Pakistan,Asia,,"E0682500 E0845300 N0330200 N0231800|(E 68°25'00""--E 84°53'00""/N 33°02'00""--N 23°18'00"")."
"Country south of the Ganges, from Calcutta to Benares : compiled from the Revenue Survey based on the Great Trigonometrical Operations to 1859","Country south of the Ganges, from Calcutta to Benares : compiled from the Revenue Survey based on the Great Trigonometrical Operations to 1859",,"Compiled in the office of the surveyer general of India, January, 1860.",79 x 145 Centimeters,"Scale 1:506,880. ""Scale 8 miles to 1 inch.""",English,,Surveyor General's Office (Calcutta),,,1864,,,https://umedia.lib.umn.edu/item/p16022coll246:455,http://cdm16022.contentdm.oclc.org/utils/getfile/collection/p16022coll246/id/455/filename/print/page/download/fparams/forcedownload,https://cdm16022.contentdm.oclc.org/utils/getthumbnail/collection/p16022coll246/id/455,https://cdm16022.contentdm.oclc.org/iiif/info/p16022coll246/455/manifest.json,U|M|N|_|A|L|M|A|:|9|9|7|4|0|8|8|3|9|3|9|0|1|7|0|1,p16022coll246:455,Public,University of Minnesota,05d-01,05d-01,64bd8c4c-8e60-4956-b43d-bdc3f93db488,JSON API,2023-02-14,"U|s|e| |o|f| |t|h|i|s| |i|t|e|m| |m|a|y| |b|e| |g|o|v|e|r|n|e|d| |b|y| |U|S| |a|n|d| |i|n|t|e|r|n|a|t|i|o|n|a|l| |c|o|p|y|r|i|g|h|t| |l|a|w|s|.| |Y|o|u| |m|a|y| |b|e| |a|b|l|e| |t|o| |u|s|e| |t|h|i|s| |i|t|e|m|,| |b|u|t| |c|o|p|y|r|i|g|h|t| |a|n|d| |o|t|h|e|r| |c|o|n|s|i|d|e|r|a|t|i|o|n|s| |m|a|y| |a|p|p|l|y|.| |F|o|r| |p|o|s|s|i|b|l|e| |a|d|d|i|t|i|o|n|a|l| |i|n|f|o|r|m|a|t|i|o|n| |o|r| |g|u|i|d|a|n|c|e| |o|n| |y|o|u|r| |u|s|e|,| |p|l|e|a|s|e| |c|o|n|t|a|c|t| |t|h|e| |c|o|n|t|r|i|b|u|t|i|n|g| |o|r|g|a|n|i|z|a|t|i|o|n|.",Maps,JPEG,2022-05-03T00:00:00Z,Ames Library of South Asia Maps,p16022coll246,,,India|Bangladesh,Asia,,"E0785100 E0905300 N0280700 N0211600|(E 78°51'00""--E 90°53'00""/N 28°07'00""--N 21°16'00"")."
"Custer Battlefield, Montana","Custer Battlefield, Montana",,Relief shown by contours and spot heights on region map.; Battlefield map is intended to show the field as it was at or about the time of the battle.,"33 x 41 Centimeters and 21 x 41 Centimeters, sheet 56 x 48 Centimeters","Scale 1:5,280; Scale 1:24,000. 1 inch = 2,000 ft.",English,Geological Survey (U.S.),"The Survey (Washington, D.C)",,"Little Bighorn, Battle of the (Montana : 1876)|Little Bighorn, Battle of The, Mont., 1876",1908,,,https://umedia.lib.umn.edu/item/p16022coll230:4192,http://cdm16022.contentdm.oclc.org/utils/getfile/collection/p16022coll230/id/4192/filename/print/page/download/fparams/forcedownload,https://cdm16022.contentdm.oclc.org/utils/getthumbnail/collection/p16022coll230/id/4192,https://cdm16022.contentdm.oclc.org/iiif/info/p16022coll230/4192/manifest.json,U|M|N|_|A|L|M|A|:|9|9|7|6|4|7|0|4|9|6|0|0|1|7|0|1,p16022coll230:4192,Public,University of Minnesota,05d-01,05d-01,64bd8c4c-8e60-4956-b43d-bdc3f93db488,JSON API,2023-02-14,"U|s|e| |o|f| |t|h|i|s| |i|t|e|m| |m|a|y| |b|e| |g|o|v|e|r|n|e|d| |b|y| |U|S| |a|n|d| |i|n|t|e|r|n|a|t|i|o|n|a|l| |c|o|p|y|r|i|g|h|t| |l|a|w|s|.| |Y|o|u| |m|a|y| |b|e| |a|b|l|e| |t|o| |u|s|e| |t|h|i|s| |i|t|e|m|,| |b|u|t| |c|o|p|y|r|i|g|h|t| |a|n|d| |o|t|h|e|r| |c|o|n|s|i|d|e|r|a|t|i|o|n|s| |m|a|y| |a|p|p|l|y|.| |F|o|r| |p|o|s|s|i|b|l|e| |a|d|d|i|t|i|o|n|a|l| |i|n|f|o|r|m|a|t|i|o|n| |o|r| |g|u|i|d|a|n|c|e| |o|n| |y|o|u|r| |u|s|e|,| |p|l|e|a|s|e| |c|o|n|t|a|c|t| |t|h|e| |c|o|n|t|r|i|b|u|t|i|n|g| |o|r|g|a|n|i|z|a|t|i|o|n|.",Maps,JPEG,2022-05-03T00:00:00Z,General Map Collection,p16022coll230,,Montana,United States,North America,,"W1072716 W1072343 N0453513 N0453251|(W 107°27'16""--W 107°23'43""/N 45°35'13""--N 45°32'51"").|W1080600 W1065000 N0455300 N0450400|(W 108°06'00""--W 106°50'00""/N 45°53'00""--N 45°04'00"")."
Cyprus,Cyprus,,Insets: Location map; Agricultural map; Geological map; Cerinia; Fomagusta road; Ruins of Salamis; Larnaka road; Limasol road.,54 x 84 Centimeters,"Scale c.1:250,000.",English,"Wyld, James",J. Wyld (London),,,1878,,,https://umedia.lib.umn.edu/item/p16022coll230:4186,http://cdm16022.contentdm.oclc.org/utils/getfile/collection/p16022coll230/id/4186/filename/print/page/download/fparams/forcedownload,https://cdm16022.contentdm.oclc.org/utils/getthumbnail/collection/p16022coll230/id/4186,https://cdm16022.contentdm.oclc.org/iiif/info/p16022coll230/4186/manifest.json,U|M|N|_|A|L|M|A|:|9|9|5|6|0|5|3|6|0|0|0|0|1|7|0|1,p16022coll230:4186,Public,University of Minnesota,05d-01,05d-01,64bd8c4c-8e60-4956-b43d-bdc3f93db488,JSON API,2023-02-14,"U|s|e| |o|f| |t|h|i|s| |i|t|e|m| |m|a|y| |b|e| |g|o|v|e|r|n|e|d| |b|y| |U|S| |a|n|d| |i|n|t|e|r|n|a|t|i|o|n|a|l| |c|o|p|y|r|i|g|h|t| |l|a|w|s|.| |Y|o|u| |m|a|y| |b|e| |a|b|l|e| |t|o| |u|s|e| |t|h|i|s| |i|t|e|m|,| |b|u|t| |c|o|p|y|r|i|g|h|t| |a|n|d| |o|t|h|e|r| |c|o|n|s|i|d|e|r|a|t|i|o|n|s| |m|a|y| |a|p|p|l|y|.| |F|o|r| |p|o|s|s|i|b|l|e| |a|d|d|i|t|i|o|n|a|l| |i|n|f|o|r|m|a|t|i|o|n| |o|r| |g|u|i|d|a|n|c|e| |o|n| |y|o|u|r| |u|s|e|,| |p|l|e|a|s|e| |c|o|n|t|a|c|t| |t|h|e| |c|o|n|t|r|i|b|u|t|i|n|g| |o|r|g|a|n|i|z|a|t|i|o|n|.",Maps,JPEG,2022-05-03T00:00:00Z,General Map Collection,p16022coll230,,,Cyprus,Europe,,"E0321600 E0343600 N0354200 N0343700|(E 32°16'00""-E 34°36'00""/N 35°42'00""-N 34°37'00"")"
"Der Sepik (Kaiserin Augusta-Flusz) und sein Stromgebiet, aufgenommen während der Kaiserin Augusta-Fluss-Expedition 1912-1913 in Deutsch-Neuguinea in 3 Blättern","Der Sepik (Kaiserin Augusta-Flusz) und sein Stromgebiet, aufgenommen während der Kaiserin Augusta-Fluss-Expedition 1912-1913 in Deutsch-Neuguinea in 3 Blättern",,"Relief shown by contours and spot heights.; Includes text.; Inset: [Stephan-Strasse].; ""Herausgegeben mit Unterstützung der Henry Lange-Stiftung der Gesellschaft für Erdkunde zu Berlin""--Below title.",sheets 99 x 67 Centimeters,"Scale 1:250,000",German,"Behrmann, Walter, 1882-1955",Dietrich Reimer (Ernst Vohsen) A.-G (Berlin),,,1914?,,,https://umedia.lib.umn.edu/item/p16022coll230:4161,http://cdm16022.contentdm.oclc.org/utils/getfile/collection/p16022coll230/id/4161/filename/print/page/download/fparams/forcedownload,https://cdm16022.contentdm.oclc.org/utils/getthumbnail/collection/p16022coll230/id/4161,https://cdm16022.contentdm.oclc.org/iiif/info/p16022coll230/4161/manifest.json,U|M|N|_|A|L|M|A|:|9|9|7|8|3|4|4|2|4|2|2|0|1|7|0|1,p16022coll230:4161,Public,University of Minnesota,05d-01,05d-01,64bd8c4c-8e60-4956-b43d-bdc3f93db488,JSON API,2023-02-14,"U|s|e| |o|f| |t|h|i|s| |i|t|e|m| |m|a|y| |b|e| |g|o|v|e|r|n|e|d| |b|y| |U|S| |a|n|d| |i|n|t|e|r|n|a|t|i|o|n|a|l| |c|o|p|y|r|i|g|h|t| |l|a|w|s|.| |Y|o|u| |m|a|y| |b|e| |a|b|l|e| |t|o| |u|s|e| |t|h|i|s| |i|t|e|m|,| |b|u|t| |c|o|p|y|r|i|g|h|t| |a|n|d| |o|t|h|e|r| |c|o|n|s|i|d|e|r|a|t|i|o|n|s| |m|a|y| |a|p|p|l|y|.| |F|o|r| |p|o|s|s|i|b|l|e| |a|d|d|i|t|i|o|n|a|l| |i|n|f|o|r|m|a|t|i|o|n| |o|r| |g|u|i|d|a|n|c|e| |o|n| |y|o|u|r| |u|s|e|,| |p|l|e|a|s|e| |c|o|n|t|a|c|t| |t|h|e| |c|o|n|t|r|i|b|u|t|i|n|g| |o|r|g|a|n|i|z|a|t|i|o|n|.",Maps,JPEG,2022-05-03T00:00:00Z,General Map Collection,p16022coll230,,,Indonesia|Papua New Guinea,Asia,,"E1412700 E1450000 S0032400 S0050500|(E 141°27'00""--E 145°00'00""/S 3°24'00""--S 5°05'00"")."
Description of post,Description of post,,"1869 at foot of reproduction.; Relief shown with hachures.; Index to buildings.; Originally published on 2 leaves in bound volume, pages 10-11.",on sheet 47 x 61 Centimeters,"Scale [1:2,400]. 1 inch = 200 ft.",English,"Rosenfold, E. H",publisher not identified (Wyoming?),,Fortification,1869?,,,https://umedia.lib.umn.edu/item/p16022coll230:4235,http://cdm16022.contentdm.oclc.org/utils/getfile/collection/p16022coll230/id/4235/filename/print/page/download/fparams/forcedownload,https://cdm16022.contentdm.oclc.org/utils/getthumbnail/collection/p16022coll230/id/4235,https://cdm16022.contentdm.oclc.org/iiif/info/p16022coll230/4235/manifest.json,U|M|N|_|A|L|M|A|:|9|9|4|6|8|2|3|0|3|0|0|0|1|7|0|1,p16022coll230:4235,Public,University of Minnesota,05d-01,05d-01,64bd8c4c-8e60-4956-b43d-bdc3f93db488,JSON API,2023-02-14,"U|s|e| |o|f| |t|h|i|s| |i|t|e|m| |m|a|y| |b|e| |g|o|v|e|r|n|e|d| |b|y| |U|S| |a|n|d| |i|n|t|e|r|n|a|t|i|o|n|a|l| |c|o|p|y|r|i|g|h|t| |l|a|w|s|.| |Y|o|u| |m|a|y| |b|e| |a|b|l|e| |t|o| |u|s|e| |t|h|i|s| |i|t|e|m|,| |b|u|t| |c|o|p|y|r|i|g|h|t| |a|n|d| |o|t|h|e|r| |c|o|n|s|i|d|e|r|a|t|i|o|n|s| |m|a|y| |a|p|p|l|y|.| |F|o|r| |p|o|s|s|i|b|l|e| |a|d|d|i|t|i|o|n|a|l| |i|n|f|o|r|m|a|t|i|o|n| |o|r| |g|u|i|d|a|n|c|e| |o|n| |y|o|u|r| |u|s|e|,| |p|l|e|a|s|e| |c|o|n|t|a|c|t| |t|h|e| |c|o|n|t|r|i|b|u|t|i|n|g| |o|r|g|a|n|i|z|a|t|i|o|n|.",Maps,JPEG,2022-05-03T00:00:00Z,General Map Collection,p16022coll230,,Wyoming,United States,North America,,"W1043128 W1043029 N0421310 N0421230|(W 104°31'28""--W 104°30'29""/N 42°13'10""--N 42°12'30"")."
District Tipperah and Noacolly including Hill Tipperah : 1861 to '65 & '72-'73,District Tipperah and Noacolly including Hill Tipperah : 1861 to '65 & '72-'73,,,"120 x 96 Centimeters, on sheets 61 x 48 Centimeters","Scale 1:253,440. 4 british miles = 1 inch.",English,Survey of India,Surveyor General of India (Calcutta),,India|India,1876,,,https://umedia.lib.umn.edu/item/p16022coll230:4152,http://cdm16022.contentdm.oclc.org/utils/getfile/collection/p16022coll230/id/4152/filename/print/page/download/fparams/forcedownload,https://cdm16022.contentdm.oclc.org/utils/getthumbnail/collection/p16022coll230/id/4152,https://cdm16022.contentdm.oclc.org/iiif/info/p16022coll230/4152/manifest.json,U|M|N|_|A|L|M|A|:|9|9|7|4|0|9|2|5|9|6|3|0|1|7|0|1,p16022coll230:4152,Public,University of Minnesota,05d-01,05d-01,64bd8c4c-8e60-4956-b43d-bdc3f93db488,JSON API,2023-02-14,"U|s|e| |o|f| |t|h|i|s| |i|t|e|m| |m|a|y| |b|e| |g|o|v|e|r|n|e|d| |b|y| |U|S| |a|n|d| |i|n|t|e|r|n|a|t|i|o|n|a|l| |c|o|p|y|r|i|g|h|t| |l|a|w|s|.| |Y|o|u| |m|a|y| |b|e| |a|b|l|e| |t|o| |u|s|e| |t|h|i|s| |i|t|e|m|,| |b|u|t| |c|o|p|y|r|i|g|h|t| |a|n|d| |o|t|h|e|r| |c|o|n|s|i|d|e|r|a|t|i|o|n|s| |m|a|y| |a|p|p|l|y|.| |F|o|r| |p|o|s|s|i|b|l|e| |a|d|d|i|t|i|o|n|a|l| |i|n|f|o|r|m|a|t|i|o|n| |o|r| |g|u|i|d|a|n|c|e| |o|n| |y|o|u|r| |u|s|e|,| |p|l|e|a|s|e| |c|o|n|t|a|c|t| |t|h|e| |c|o|n|t|r|i|b|u|t|i|n|g| |o|r|g|a|n|i|z|a|t|i|o|n|.",Maps,JPEG,2022-05-03T00:00:00Z,General Map Collection,p16022coll230,,,India|Bangladesh,Asia,,"E0910900 E0922000 N0243200 N0225600|(E 91°09'00""--E 92°20'00""/N 24°32'00""--N 22°56'00"")."
"Europe after the great war : approximate boundaries, January 1920","Europe after the great war : approximate boundaries, January 1920",,Relief shown by hachures.; Copyright 1916 Denoyer-Geppert Company.,75 x 103 Centimeters,"Scale 1:5,000,000",English,"Harding, Samuel Bannister, 1866-1927","Denoyer-Geppert Co (Chicago [Ill), 1916",,"World War, 1914 1918","1920, 1916",,,https://umedia.lib.umn.edu/item/p16022coll230:4226,http://cdm16022.contentdm.oclc.org/utils/getfile/collection/p16022coll230/id/4226/filename/print/page/download/fparams/forcedownload,https://cdm16022.contentdm.oclc.org/utils/getthumbnail/collection/p16022coll230/id/4226,https://cdm16022.contentdm.oclc.org/iiif/info/p16022coll230/4226/manifest.json,U|M|N|_|A|L|M|A|:|9|9|6|3|2|2|5|1|1|0|0|0|1|7|0|1,p16022coll230:4226,Public,University of Minnesota,05d-01,05d-01,64bd8c4c-8e60-4956-b43d-bdc3f93db488,JSON API,2023-02-14,"U|s|e| |o|f| |t|h|i|s| |i|t|e|m| |m|a|y| |b|e| |g|o|v|e|r|n|e|d| |b|y| |U|S| |a|n|d| |i|n|t|e|r|n|a|t|i|o|n|a|l| |c|o|p|y|r|i|g|h|t| |l|a|w|s|.| |Y|o|u| |m|a|y| |b|e| |a|b|l|e| |t|o| |u|s|e| |t|h|i|s| |i|t|e|m|,| |b|u|t| |c|o|p|y|r|i|g|h|t| |a|n|d| |o|t|h|e|r| |c|o|n|s|i|d|e|r|a|t|i|o|n|s| |m|a|y| |a|p|p|l|y|.| |F|o|r| |p|o|s|s|i|b|l|e| |a|d|d|i|t|i|o|n|a|l| |i|n|f|o|r|m|a|t|i|o|n| |o|r| |g|u|i|d|a|n|c|e| |o|n| |y|o|u|r| |u|s|e|,| |p|l|e|a|s|e| |c|o|n|t|a|c|t| |t|h|e| |c|o|n|t|r|i|b|u|t|i|n|g| |o|r|g|a|n|i|z|a|t|i|o|n|.",Maps,JPEG,2022-05-03T00:00:00Z,General Map Collection,p16022coll230,,,,Europe,,W0150000 E0600000 N0600000 N0300000|(W 30°--W 70°/N 60°--N 30°)
Europe at the time of the Crusades,Europe at the time of the Crusades,,Relief shown by hachures.; Copyright 1916 Denoyer-Geppert Company.,74 x 107 Centimeters,"Scale approximately 1:5,000,000) 1 inch to 80 miles",English,"Harding, Samuel Bannister, 1866-1927","Denoyer-Geppert (Chicago), 1916",,Crusades,19201916,,,https://umedia.lib.umn.edu/item/p16022coll230:4205,http://cdm16022.contentdm.oclc.org/utils/getfile/collection/p16022coll230/id/4205/filename/print/page/download/fparams/forcedownload,https://cdm16022.contentdm.oclc.org/utils/getthumbnail/collection/p16022coll230/id/4205,https://cdm16022.contentdm.oclc.org/iiif/info/p16022coll230/4205/manifest.json,U|M|N|_|A|L|M|A|:|9|9|6|3|2|1|1|5|6|0|0|0|1|7|0|1,p16022coll230:4205,Public,University of Minnesota,05d-01,05d-01,64bd8c4c-8e60-4956-b43d-bdc3f93db488,JSON API,2023-02-14,"U|s|e| |o|f| |t|h|i|s| |i|t|e|m| |m|a|y| |b|e| |g|o|v|e|r|n|e|d| |b|y| |U|S| |a|n|d| |i|n|t|e|r|n|a|t|i|o|n|a|l| |c|o|p|y|r|i|g|h|t| |l|a|w|s|.| |Y|o|u| |m|a|y| |b|e| |a|b|l|e| |t|o| |u|s|e| |t|h|i|s| |i|t|e|m|,| |b|u|t| |c|o|p|y|r|i|g|h|t| |a|n|d| |o|t|h|e|r| |c|o|n|s|i|d|e|r|a|t|i|o|n|s| |m|a|y| |a|p|p|l|y|.| |F|o|r| |p|o|s|s|i|b|l|e| |a|d|d|i|t|i|o|n|a|l| |i|n|f|o|r|m|a|t|i|o|n| |o|r| |g|u|i|d|a|n|c|e| |o|n| |y|o|u|r| |u|s|e|,| |p|l|e|a|s|e| |c|o|n|t|a|c|t| |t|h|e| |c|o|n|t|r|i|b|u|t|i|n|g| |o|r|g|a|n|i|z|a|t|i|o|n|.",Maps,JPEG,2022-05-03T00:00:00Z,General Map Collection,p16022coll230,,,,Europe,Europe|Islamic Empire,mismatched coords!
Extract from an unfinished map of Saugor & Nurbudda States : Scale 8 miles = 1 inch,Extract from an unfinished map of Saugor & Nurbudda States : Scale 8 miles = 1 inch,,"15th. November 1860.; Hand colored boundaries and routes.; Relief shown by hand shading.; Vide map of the country bordering the Great Trunk Road between Benares and Delhi.; Vide map of the country south of Ganges.; Vide map of Rajpootana Sheet Number6.; Copied by Sunawullah, finished & examined by J.O.N. James Surveyor Generals Office Calcutta November 1860.","81 x 151 Centimeters, folded to  27 x 18 Centimeters","Scale 1:560,800",English,Survey of India,"Survey of India (Calcutta, India)",,,1860,,,https://umedia.lib.umn.edu/item/p16022coll246:450,http://cdm16022.contentdm.oclc.org/utils/getfile/collection/p16022coll246/id/450/filename/print/page/download/fparams/forcedownload,https://cdm16022.contentdm.oclc.org/utils/getthumbnail/collection/p16022coll246/id/450,https://cdm16022.contentdm.oclc.org/iiif/info/p16022coll246/450/manifest.json,U|M|N|_|A|L|M|A|:|9|9|7|4|0|8|8|4|0|3|2|0|1|7|0|1,p16022coll246:450,Public,University of Minnesota,05d-01,05d-01,64bd8c4c-8e60-4956-b43d-bdc3f93db488,JSON API,2023-02-14,"U|s|e| |o|f| |t|h|i|s| |i|t|e|m| |m|a|y| |b|e| |g|o|v|e|r|n|e|d| |b|y| |U|S| |a|n|d| |i|n|t|e|r|n|a|t|i|o|n|a|l| |c|o|p|y|r|i|g|h|t| |l|a|w|s|.| |Y|o|u| |m|a|y| |b|e| |a|b|l|e| |t|o| |u|s|e| |t|h|i|s| |i|t|e|m|,| |b|u|t| |c|o|p|y|r|i|g|h|t| |a|n|d| |o|t|h|e|r| |c|o|n|s|i|d|e|r|a|t|i|o|n|s| |m|a|y| |a|p|p|l|y|.| |F|o|r| |p|o|s|s|i|b|l|e| |a|d|d|i|t|i|o|n|a|l| |i|n|f|o|r|m|a|t|i|o|n| |o|r| |g|u|i|d|a|n|c|e| |o|n| |y|o|u|r| |u|s|e|,| |p|l|e|a|s|e| |c|o|n|t|a|c|t| |t|h|e| |c|o|n|t|r|i|b|u|t|i|n|g| |o|r|g|a|n|i|z|a|t|i|o|n|.",Maps,JPEG,2022-05-03T00:00:00Z,Ames Library of South Asia Maps,p16022coll246,,,India,Asia,,E0783643 E0784710 N0234859 N0234326|(E 78°36ʹ43ʺ--E 78°47ʹ10ʺ/N 23°48ʹ59ʺ--N 23°43ʹ26ʺ)
Fort Bayard,Fort Bayard,,"Relief shown by contours and spot heights.; Surveyed in 1908.; Alternate title: New Mexico (Grant County), Fort Bayard special map.; R.B. Marshall, Chief Geographer. E.C. Barnard, Geographer in charge. Topography and control by Chas. E. Cooke and Stuart T. Penick.; Datum is mean sea level.; Includes responsibility diagram.",80 x 44 Centimeters,"Scale 1:12,000",English,Geological Survey (U.S.),"U.S. Geological Survey (Washington, D.C)",,,1910,,,https://umedia.lib.umn.edu/item/p16022coll230:4197,http://cdm16022.contentdm.oclc.org/utils/getfile/collection/p16022coll230/id/4197/filename/print/page/download/fparams/forcedownload,https://cdm16022.contentdm.oclc.org/utils/getthumbnail/collection/p16022coll230/id/4197,https://cdm16022.contentdm.oclc.org/iiif/info/p16022coll230/4197/manifest.json,U|M|N|_|A|L|M|A|:|9|9|7|6|4|7|0|6|5|3|4|0|1|7|0|1,p16022coll230:4197,Public,University of Minnesota,05d-01,05d-01,64bd8c4c-8e60-4956-b43d-bdc3f93db488,JSON API,2023-02-14,"U|s|e| |o|f| |t|h|i|s| |i|t|e|m| |m|a|y| |b|e| |g|o|v|e|r|n|e|d| |b|y| |U|S| |a|n|d| |i|n|t|e|r|n|a|t|i|o|n|a|l| |c|o|p|y|r|i|g|h|t| |l|a|w|s|.| |Y|o|u| |m|a|y| |b|e| |a|b|l|e| |t|o| |u|s|e| |t|h|i|s| |i|t|e|m|,| |b|u|t| |c|o|p|y|r|i|g|h|t| |a|n|d| |o|t|h|e|r| |c|o|n|s|i|d|e|r|a|t|i|o|n|s| |m|a|y| |a|p|p|l|y|.| |F|o|r| |p|o|s|s|i|b|l|e| |a|d|d|i|t|i|o|n|a|l| |i|n|f|o|r|m|a|t|i|o|n| |o|r| |g|u|i|d|a|n|c|e| |o|n| |y|o|u|r| |u|s|e|,| |p|l|e|a|s|e| |c|o|n|t|a|c|t| |t|h|e| |c|o|n|t|r|i|b|u|t|i|n|g| |o|r|g|a|n|i|z|a|t|i|o|n|.",Maps,JPEG,2022-05-03T00:00:00Z,General Map Collection,p16022coll230,,New Mexico,United States,North America,,W1081105 W1080750 N0325200 N0324615|(W 108°11ʹ05ʺ--W 108°07ʹ50ʺ/N 32°52ʹ00ʺ--N 32°46ʹ15ʺ).
"Foster and Gunnell's mining map of Southern Oregon : showing rincipal quartz and placer mines, wagon roads, saw mills, post offices, etc., as compiled from United States Geological Survey, official and private surveys, and from data obtained from the official records of Josephine and Jackson Counties, Oregon","Foster and Gunnell's mining map of Southern Oregon : showing rincipal quartz and placer mines, wagon roads, saw mills, post offices, etc., as compiled from United States Geological Survey, official and private surveys, and from data obtained from the official records of Josephine and Jackson Counties, Oregon",,Relief shown by hachures.; Blueline print.,57 x 87 Centimeters,"Scale approximately  1:190,000",English,Foster & Gunnell Mining Engineers,"Southern Oregon Title Guaranty & Abstract Co (Grants Pass, Or)",,Mines and Mineral Resources|Mines and Mineral Resources,1904,,,https://umedia.lib.umn.edu/item/p16022coll230:4240,http://cdm16022.contentdm.oclc.org/utils/getfile/collection/p16022coll230/id/4240/filename/print/page/download/fparams/forcedownload,https://cdm16022.contentdm.oclc.org/utils/getthumbnail/collection/p16022coll230/id/4240,https://cdm16022.contentdm.oclc.org/iiif/info/p16022coll230/4240/manifest.json,U|M|N|_|A|L|M|A|:|9|9|4|0|0|3|1|9|5|0|0|0|1|7|0|1,p16022coll230:4240,Public,University of Minnesota,05d-01,05d-01,64bd8c4c-8e60-4956-b43d-bdc3f93db488,JSON API,2023-02-14,"U|s|e| |o|f| |t|h|i|s| |i|t|e|m| |m|a|y| |b|e| |g|o|v|e|r|n|e|d| |b|y| |U|S| |a|n|d| |i|n|t|e|r|n|a|t|i|o|n|a|l| |c|o|p|y|r|i|g|h|t| |l|a|w|s|.| |Y|o|u| |m|a|y| |b|e| |a|b|l|e| |t|o| |u|s|e| |t|h|i|s| |i|t|e|m|,| |b|u|t| |c|o|p|y|r|i|g|h|t| |a|n|d| |o|t|h|e|r| |c|o|n|s|i|d|e|r|a|t|i|o|n|s| |m|a|y| |a|p|p|l|y|.| |F|o|r| |p|o|s|s|i|b|l|e| |a|d|d|i|t|i|o|n|a|l| |i|n|f|o|r|m|a|t|i|o|n| |o|r| |g|u|i|d|a|n|c|e| |o|n| |y|o|u|r| |u|s|e|,| |p|l|e|a|s|e| |c|o|n|t|a|c|t| |t|h|e| |c|o|n|t|r|i|b|u|t|i|n|g| |o|r|g|a|n|i|z|a|t|i|o|n|.",Maps,JPEG,2022-05-03T00:00:00Z,General Map Collection,p16022coll230,,Oregon,United States,North America,,"W1240200 W1220600 N0425600 N0415900|(W 124°02'00""--W 122°06'00""/N 42°56'00""--N 41°59'00"")."
"Generalkarte des Baltenlandes : (Estland, Kurland, Livland)","Generalkarte des Baltenlandes : (Estland, Kurland, Livland)",,Originally in cover.,65 x 81 Centimeters,"Scale 1:725,000",German,Carl Flemming (Firm),Carl Flemming AG (Berlin),,,1916?,,,https://umedia.lib.umn.edu/item/p16022coll230:4213,http://cdm16022.contentdm.oclc.org/utils/getfile/collection/p16022coll230/id/4213/filename/print/page/download/fparams/forcedownload,https://cdm16022.contentdm.oclc.org/utils/getthumbnail/collection/p16022coll230/id/4213,https://cdm16022.contentdm.oclc.org/iiif/info/p16022coll230/4213/manifest.json,U|M|N|_|A|L|M|A|:|9|9|4|6|3|5|3|9|5|0|0|0|1|7|0|1,p16022coll230:4213,Public,University of Minnesota,05d-01,05d-01,64bd8c4c-8e60-4956-b43d-bdc3f93db488,JSON API,2023-02-14,"U|s|e| |o|f| |t|h|i|s| |i|t|e|m| |m|a|y| |b|e| |g|o|v|e|r|n|e|d| |b|y| |U|S| |a|n|d| |i|n|t|e|r|n|a|t|i|o|n|a|l| |c|o|p|y|r|i|g|h|t| |l|a|w|s|.| |Y|o|u| |m|a|y| |b|e| |a|b|l|e| |t|o| |u|s|e| |t|h|i|s| |i|t|e|m|,| |b|u|t| |c|o|p|y|r|i|g|h|t| |a|n|d| |o|t|h|e|r| |c|o|n|s|i|d|e|r|a|t|i|o|n|s| |m|a|y| |a|p|p|l|y|.| |F|o|r| |p|o|s|s|i|b|l|e| |a|d|d|i|t|i|o|n|a|l| |i|n|f|o|r|m|a|t|i|o|n| |o|r| |g|u|i|d|a|n|c|e| |o|n| |y|o|u|r| |u|s|e|,| |p|l|e|a|s|e| |c|o|n|t|a|c|t| |t|h|e| |c|o|n|t|r|i|b|u|t|i|n|g| |o|r|g|a|n|i|z|a|t|i|o|n|.",Maps,JPEG,2022-05-03T00:00:00Z,General Map Collection,p16022coll230,,,Estonia|Latvia|Lithuania,Europe,,E0195700 E0281200 N0595600 N0535900|(E 19°57ʹ--E 28°12ʹ/N 59°56ʹ--N 53°59ʹ).
Geologic map of Wyoming,Geologic map of Wyoming,,"Color chart of rock formations, with explanatory notes, in margin.; Inset: Key map of state.","89 x 117 Centimeters, sheets 102 x 75 and 102 x 77 Centimeters","Scale 1:500,000",English,Geological Survey (U.S.),U.S. Geological Survey (Washington),,Geology|Oil Fields|Natural Gas,1925,,,https://umedia.lib.umn.edu/item/p16022coll230:4158,http://cdm16022.contentdm.oclc.org/utils/getfile/collection/p16022coll230/id/4158/filename/print/page/download/fparams/forcedownload,https://cdm16022.contentdm.oclc.org/utils/getthumbnail/collection/p16022coll230/id/4158,https://cdm16022.contentdm.oclc.org/iiif/info/p16022coll230/4158/manifest.json,U|M|N|_|A|L|M|A|:|9|9|6|0|0|7|0|7|0|0|0|0|1|7|0|1,p16022coll230:4158,Public,University of Minnesota,05d-01,05d-01,64bd8c4c-8e60-4956-b43d-bdc3f93db488,JSON API,2023-02-14,"U|s|e| |o|f| |t|h|i|s| |i|t|e|m| |m|a|y| |b|e| |g|o|v|e|r|n|e|d| |b|y| |U|S| |a|n|d| |i|n|t|e|r|n|a|t|i|o|n|a|l| |c|o|p|y|r|i|g|h|t| |l|a|w|s|.| |Y|o|u| |m|a|y| |b|e| |a|b|l|e| |t|o| |u|s|e| |t|h|i|s| |i|t|e|m|,| |b|u|t| |c|o|p|y|r|i|g|h|t| |a|n|d| |o|t|h|e|r| |c|o|n|s|i|d|e|r|a|t|i|o|n|s| |m|a|y| |a|p|p|l|y|.| |F|o|r| |p|o|s|s|i|b|l|e| |a|d|d|i|t|i|o|n|a|l| |i|n|f|o|r|m|a|t|i|o|n| |o|r| |g|u|i|d|a|n|c|e| |o|n| |y|o|u|r| |u|s|e|,| |p|l|e|a|s|e| |c|o|n|t|a|c|t| |t|h|e| |c|o|n|t|r|i|b|u|t|i|n|g| |o|r|g|a|n|i|z|a|t|i|o|n|.",Maps,JPEG,2022-05-03T00:00:00Z,General Map Collection,p16022coll230,,Wyoming,United States,North America,,W1110000 W1040000 N0450000 N0410000|(W 111⁰--W 104⁰/N 45⁰--N 41⁰).
"Hindoostan; or India : drawn from the most recent authorities for the illustration of Lavoisne's genealogical, historical, chronological and geographical atlas","Hindoostan; or India : drawn from the most recent authorities for the illustration of Lavoisne's genealogical, historical, chronological and geographical atlas",,"Includes information on India (situation, boundaries, extent, division, mountains, rivers, natural history and produce, population, islands, history, british possessions) and remarkable battles and sieges subsequent to the invasion of Genghis Khan.","36 x 35 Centimeters, on sheet 44 x 54 Centimeters","Scale 1:4,403,520. Scale of statute miles 69 7/2 to a degree.",English,"Aspin, J",M. Carey and Son (Philadelphia),,,1821,,,https://umedia.lib.umn.edu/item/p16022coll230:4249,http://cdm16022.contentdm.oclc.org/utils/getfile/collection/p16022coll230/id/4249/filename/print/page/download/fparams/forcedownload,https://cdm16022.contentdm.oclc.org/utils/getthumbnail/collection/p16022coll230/id/4249,https://cdm16022.contentdm.oclc.org/iiif/info/p16022coll230/4249/manifest.json,U|M|N|_|A|L|M|A|:|9|9|7|4|0|9|3|1|5|3|8|0|1|7|0|1,p16022coll230:4249,Public,University of Minnesota,05d-01,05d-01,64bd8c4c-8e60-4956-b43d-bdc3f93db488,JSON API,2023-02-14,"U|s|e| |o|f| |t|h|i|s| |i|t|e|m| |m|a|y| |b|e| |g|o|v|e|r|n|e|d| |b|y| |U|S| |a|n|d| |i|n|t|e|r|n|a|t|i|o|n|a|l| |c|o|p|y|r|i|g|h|t| |l|a|w|s|.| |Y|o|u| |m|a|y| |b|e| |a|b|l|e| |t|o| |u|s|e| |t|h|i|s| |i|t|e|m|,| |b|u|t| |c|o|p|y|r|i|g|h|t| |a|n|d| |o|t|h|e|r| |c|o|n|s|i|d|e|r|a|t|i|o|n|s| |m|a|y| |a|p|p|l|y|.| |F|o|r| |p|o|s|s|i|b|l|e| |a|d|d|i|t|i|o|n|a|l| |i|n|f|o|r|m|a|t|i|o|n| |o|r| |g|u|i|d|a|n|c|e| |o|n| |y|o|u|r| |u|s|e|,| |p|l|e|a|s|e| |c|o|n|t|a|c|t| |t|h|e| |c|o|n|t|r|i|b|u|t|i|n|g| |o|r|g|a|n|i|z|a|t|i|o|n|.",Maps,JPEG,2022-05-03T00:00:00Z,General Map Collection,p16022coll230,,,India,Asia,,E0680900 E0972300 N0335400 N0064500|(E 68°09ʹ00ʺ--E 97°23ʹ00ʺ/N 33°54ʹ00ʺ--N 6°45ʹ00ʺ)
India and adjacent countries,India and adjacent countries,,"Relief shown by hachures.; Includes index to adjoining sheets.; Heliozincographed at the Survey of India Office, Calcutta.; Reg. no. 1704 D.-08. S.I.-300.",41 x 48 Centimeters,"Scale 1:1,000,000",English,Survey of India,Survey of India (Calcutta),,,1908,,,https://umedia.lib.umn.edu/item/p16022coll230:4125,http://cdm16022.contentdm.oclc.org/utils/getfile/collection/p16022coll230/id/4125/filename/print/page/download/fparams/forcedownload,https://cdm16022.contentdm.oclc.org/utils/getthumbnail/collection/p16022coll230/id/4125,https://cdm16022.contentdm.oclc.org/iiif/info/p16022coll230/4125/manifest.json,U|M|N|_|A|L|M|A|:|9|9|7|6|4|7|0|6|8|0|6|0|1|7|0|1,p16022coll230:4125,Public,University of Minnesota,05d-01,05d-01,64bd8c4c-8e60-4956-b43d-bdc3f93db488,JSON API,2023-02-14,"U|s|e| |o|f| |t|h|i|s| |i|t|e|m| |m|a|y| |b|e| |g|o|v|e|r|n|e|d| |b|y| |U|S| |a|n|d| |i|n|t|e|r|n|a|t|i|o|n|a|l| |c|o|p|y|r|i|g|h|t| |l|a|w|s|.| |Y|o|u| |m|a|y| |b|e| |a|b|l|e| |t|o| |u|s|e| |t|h|i|s| |i|t|e|m|,| |b|u|t| |c|o|p|y|r|i|g|h|t| |a|n|d| |o|t|h|e|r| |c|o|n|s|i|d|e|r|a|t|i|o|n|s| |m|a|y| |a|p|p|l|y|.| |F|o|r| |p|o|s|s|i|b|l|e| |a|d|d|i|t|i|o|n|a|l| |i|n|f|o|r|m|a|t|i|o|n| |o|r| |g|u|i|d|a|n|c|e| |o|n| |y|o|u|r| |u|s|e|,| |p|l|e|a|s|e| |c|o|n|t|a|c|t| |t|h|e| |c|o|n|t|r|i|b|u|t|i|n|g| |o|r|g|a|n|i|z|a|t|i|o|n|.",Maps,JPEG,2022-05-03T00:00:00Z,General Map Collection,p16022coll230,,,"Iran, Islamic Republic of|Afghanistan",Asia,,E0600000 E0640000 N0360000 N0320000|(E 60°--E 64°/N 36°--N 32°).
India and adjacent countries,India and adjacent countries,,"Relief shown by hachures.; Includes index to adjoining sheets.; Heliozincographed at the Survey of India Office, Calcutta.; ""Continuation South Sheet 35.""; Reg. no. 1555 D.-08. S.I.-300.",41 x 48 Centimeters,"Scale 1:1,000,000",English,Survey of India,Survey of India (Calcutta),,,1908,,,https://umedia.lib.umn.edu/item/p16022coll230:4138,http://cdm16022.contentdm.oclc.org/utils/getfile/collection/p16022coll230/id/4138/filename/print/page/download/fparams/forcedownload,https://cdm16022.contentdm.oclc.org/utils/getthumbnail/collection/p16022coll230/id/4138,https://cdm16022.contentdm.oclc.org/iiif/info/p16022coll230/4138/manifest.json,U|M|N|_|A|L|M|A|:|9|9|7|6|4|7|0|6|9|2|9|0|1|7|0|1,p16022coll230:4138,Public,University of Minnesota,05d-01,05d-01,64bd8c4c-8e60-4956-b43d-bdc3f93db488,JSON API,2023-02-14,"U|s|e| |o|f| |t|h|i|s| |i|t|e|m| |m|a|y| |b|e| |g|o|v|e|r|n|e|d| |b|y| |U|S| |a|n|d| |i|n|t|e|r|n|a|t|i|o|n|a|l| |c|o|p|y|r|i|g|h|t| |l|a|w|s|.| |Y|o|u| |m|a|y| |b|e| |a|b|l|e| |t|o| |u|s|e| |t|h|i|s| |i|t|e|m|,| |b|u|t| |c|o|p|y|r|i|g|h|t| |a|n|d| |o|t|h|e|r| |c|o|n|s|i|d|e|r|a|t|i|o|n|s| |m|a|y| |a|p|p|l|y|.| |F|o|r| |p|o|s|s|i|b|l|e| |a|d|d|i|t|i|o|n|a|l| |i|n|f|o|r|m|a|t|i|o|n| |o|r| |g|u|i|d|a|n|c|e| |o|n| |y|o|u|r| |u|s|e|,| |p|l|e|a|s|e| |c|o|n|t|a|c|t| |t|h|e| |c|o|n|t|r|i|b|u|t|i|n|g| |o|r|g|a|n|i|z|a|t|i|o|n|.",Maps,JPEG,2022-05-03T00:00:00Z,General Map Collection,p16022coll230,,,Afghanistan|India,Asia,,E0640000 E0680000 N0320000 N0280000|(E 64°--E 68°/N 32°--N 28°).
India and adjacent countries,India and adjacent countries,,"Relief shown by contour lines and spot heights.; Colors show political divisions, in India only. Map also shows railroads, roads, canals, cities, towns, rivers, lakes, etc.; ""Published under the direction of Colonel Sir S.G. Burrard ... Surveyor General of India.""; Originally published in 1915. ""Reprinted in 1928, with corrections to main roads and railways only.""; ""Reg. No. 980. D 07. S.I. 700 '28.""",187 x 209 centimeters,"Scale 1:2,027,520; 1 inch = 32 miles.",English,Survey of India,The Survey (Calcutta),,,1928,,,https://umedia.lib.umn.edu/item/p16022coll246:446,http://cdm16022.contentdm.oclc.org/utils/getfile/collection/p16022coll246/id/446/filename/print/page/download/fparams/forcedownload,https://cdm16022.contentdm.oclc.org/utils/getthumbnail/collection/p16022coll246/id/446,https://cdm16022.contentdm.oclc.org/iiif/info/p16022coll246/446/manifest.json,U|M|N|_|A|L|M|A|:|9|9|3|5|0|2|6|2|1|0|0|0|1|7|0|1,p16022coll246:446,Public,University of Minnesota,05d-01,05d-01,64bd8c4c-8e60-4956-b43d-bdc3f93db488,JSON API,2023-02-14,"U|s|e| |o|f| |t|h|i|s| |i|t|e|m| |m|a|y| |b|e| |g|o|v|e|r|n|e|d| |b|y| |U|S| |a|n|d| |i|n|t|e|r|n|a|t|i|o|n|a|l| |c|o|p|y|r|i|g|h|t| |l|a|w|s|.| |Y|o|u| |m|a|y| |b|e| |a|b|l|e| |t|o| |u|s|e| |t|h|i|s| |i|t|e|m|,| |b|u|t| |c|o|p|y|r|i|g|h|t| |a|n|d| |o|t|h|e|r| |c|o|n|s|i|d|e|r|a|t|i|o|n|s| |m|a|y| |a|p|p|l|y|.| |F|o|r| |p|o|s|s|i|b|l|e| |a|d|d|i|t|i|o|n|a|l| |i|n|f|o|r|m|a|t|i|o|n| |o|r| |g|u|i|d|a|n|c|e| |o|n| |y|o|u|r| |u|s|e|,| |p|l|e|a|s|e| |c|o|n|t|a|c|t| |t|h|e| |c|o|n|t|r|i|b|u|t|i|n|g| |o|r|g|a|n|i|z|a|t|i|o|n|.",Maps,JPEG,2022-05-03T00:00:00Z,Ames Library of South Asia Maps,p16022coll246,,,,,,"E0590000 E1020000 N0390000 N0050000|(E 59°00'00""--E 102°00'00""/N 39°00'00""--N 5°00'00"")"
Indian atlas,Indian atlas,,Relief shown by hachures and spot heights.; Shows administrative boundaries.; Marginal index to neighbouring sheets on some maps.,"94 x 98 Centimeters or smaller, folded to 25 x 15 Centimeters, designed to form 1 map of the sub-continent","Scale 1:253,440 or 1 inch to 4 miles ;",English,Survey of India,Survey of India (Dehra Dun),,,1863 - 1874,,,https://umedia.lib.umn.edu/item/p16022coll230:4242,http://cdm16022.contentdm.oclc.org/utils/getfile/collection/p16022coll230/id/4242/filename/print/page/download/fparams/forcedownload,https://cdm16022.contentdm.oclc.org/utils/getthumbnail/collection/p16022coll230/id/4242,https://cdm16022.contentdm.oclc.org/iiif/info/p16022coll230/4242/manifest.json,U|M|N|_|A|L|M|A|:|9|9|7|4|7|5|6|0|9|6|5|0|1|7|0|1,p16022coll230:4242,Public,University of Minnesota,05d-01,05d-01,64bd8c4c-8e60-4956-b43d-bdc3f93db488,JSON API,2023-02-14,"U|s|e| |o|f| |t|h|i|s| |i|t|e|m| |m|a|y| |b|e| |g|o|v|e|r|n|e|d| |b|y| |U|S| |a|n|d| |i|n|t|e|r|n|a|t|i|o|n|a|l| |c|o|p|y|r|i|g|h|t| |l|a|w|s|.| |Y|o|u| |m|a|y| |b|e| |a|b|l|e| |t|o| |u|s|e| |t|h|i|s| |i|t|e|m|,| |b|u|t| |c|o|p|y|r|i|g|h|t| |a|n|d| |o|t|h|e|r| |c|o|n|s|i|d|e|r|a|t|i|o|n|s| |m|a|y| |a|p|p|l|y|.| |F|o|r| |p|o|s|s|i|b|l|e| |a|d|d|i|t|i|o|n|a|l| |i|n|f|o|r|m|a|t|i|o|n| |o|r| |g|u|i|d|a|n|c|e| |o|n| |y|o|u|r| |u|s|e|,| |p|l|e|a|s|e| |c|o|n|t|a|c|t| |t|h|e| |c|o|n|t|r|i|b|u|t|i|n|g| |o|r|g|a|n|i|z|a|t|i|o|n|.",Maps,JPEG,2022-05-03T00:00:00Z,General Map Collection,p16022coll230,,,India|Pakistan,Asia,,"E0610100 E0972300 N0371200 N0063300|(E 61°01'00""--E 97°23'00""/N 37°12'00""--N 6°33'00"")."
"Indian Atlas : parts of Districts Chánda and Raipur and Native States of Bastar and Kánker, District Raipur and of Native States Patna, Kalahandi, Kánker, Bastar and Jeypore","Indian Atlas : parts of Districts Chánda and Raipur and Native States of Bastar and Kánker, District Raipur and of Native States Patna, Kalahandi, Kánker, Bastar and Jeypore",,"Additions to 1891.""; ""Continuation sheet, North 91 S.E.","320 x 102 Centimeters, folded to 21.5 x 13 Centimeters","Scale 1:253,440",English,Survey of India,Survey of India (Calcutta),,,1891,,,https://umedia.lib.umn.edu/item/p16022coll230:4129,http://cdm16022.contentdm.oclc.org/utils/getfile/collection/p16022coll230/id/4129/filename/print/page/download/fparams/forcedownload,https://cdm16022.contentdm.oclc.org/utils/getthumbnail/collection/p16022coll230/id/4129,https://cdm16022.contentdm.oclc.org/iiif/info/p16022coll230/4129/manifest.json,U|M|N|_|A|L|M|A|:|9|9|7|4|1|2|9|5|0|6|7|0|1|7|0|1,p16022coll230:4129,Public,University of Minnesota,05d-01,05d-01,64bd8c4c-8e60-4956-b43d-bdc3f93db488,JSON API,2023-02-14,"U|s|e| |o|f| |t|h|i|s| |i|t|e|m| |m|a|y| |b|e| |g|o|v|e|r|n|e|d| |b|y| |U|S| |a|n|d| |i|n|t|e|r|n|a|t|i|o|n|a|l| |c|o|p|y|r|i|g|h|t| |l|a|w|s|.| |Y|o|u| |m|a|y| |b|e| |a|b|l|e| |t|o| |u|s|e| |t|h|i|s| |i|t|e|m|,| |b|u|t| |c|o|p|y|r|i|g|h|t| |a|n|d| |o|t|h|e|r| |c|o|n|s|i|d|e|r|a|t|i|o|n|s| |m|a|y| |a|p|p|l|y|.| |F|o|r| |p|o|s|s|i|b|l|e| |a|d|d|i|t|i|o|n|a|l| |i|n|f|o|r|m|a|t|i|o|n| |o|r| |g|u|i|d|a|n|c|e| |o|n| |y|o|u|r| |u|s|e|,| |p|l|e|a|s|e| |c|o|n|t|a|c|t| |t|h|e| |c|o|n|t|r|i|b|u|t|i|n|g| |o|r|g|a|n|i|z|a|t|i|o|n|.",Maps,JPEG,2022-05-03T00:00:00Z,General Map Collection,p16022coll230,,,India,Asia,,"E0680600 E0972300 N0354000 N0063300|(E 68°06'00""--E 97°23'00""/N 35°40'00""--N 6°33'00"")."
"Indian regions, forts and camps, 1850-1875","Indian regions, forts and camps, 1850-1875",,"Shows camps, forts, settlements, and tribal regions in Northwestern California between 1850 and 1875.",27 x 19 Centimeters,Scale not given,English,"Coy, Owen Cochran, 1884-1952",publisher not identified (Place of publication not identified),,,1929?,,,https://umedia.lib.umn.edu/item/p16022coll230:4201,http://cdm16022.contentdm.oclc.org/utils/getfile/collection/p16022coll230/id/4201/filename/print/page/download/fparams/forcedownload,https://cdm16022.contentdm.oclc.org/utils/getthumbnail/collection/p16022coll230/id/4201,https://cdm16022.contentdm.oclc.org/iiif/info/p16022coll230/4201/manifest.json,U|M|N|_|A|L|M|A|:|9|9|2|3|7|2|4|7|5|0|0|0|1|7|0|1,p16022coll230:4201,Public,University of Minnesota,05d-01,05d-01,64bd8c4c-8e60-4956-b43d-bdc3f93db488,JSON API,2023-02-14,"U|s|e| |o|f| |t|h|i|s| |i|t|e|m| |m|a|y| |b|e| |g|o|v|e|r|n|e|d| |b|y| |U|S| |a|n|d| |i|n|t|e|r|n|a|t|i|o|n|a|l| |c|o|p|y|r|i|g|h|t| |l|a|w|s|.| |Y|o|u| |m|a|y| |b|e| |a|b|l|e| |t|o| |u|s|e| |t|h|i|s| |i|t|e|m|,| |b|u|t| |c|o|p|y|r|i|g|h|t| |a|n|d| |o|t|h|e|r| |c|o|n|s|i|d|e|r|a|t|i|o|n|s| |m|a|y| |a|p|p|l|y|.| |F|o|r| |p|o|s|s|i|b|l|e| |a|d|d|i|t|i|o|n|a|l| |i|n|f|o|r|m|a|t|i|o|n| |o|r| |g|u|i|d|a|n|c|e| |o|n| |y|o|u|r| |u|s|e|,| |p|l|e|a|s|e| |c|o|n|t|a|c|t| |t|h|e| |c|o|n|t|r|i|b|u|t|i|n|g| |o|r|g|a|n|i|z|a|t|i|o|n|.",Maps,JPEG,2022-05-03T00:00:00Z,General Map Collection,p16022coll230,,California,United States,North America,,"W1242800 W1191400 N0420000 N0364200|(W 124°28'00""--W 119°14'00""/N 42°00'00""--N 36°42'00"")."
"Inner-Asien & Indien : Südliches Blatt maassstab 1:7,500,000","Inner-Asien & Indien : Südliches Blatt maassstab 1:7,500,000",,Relief shown by hachures and spot heights.; Ausgabe 1892,38 x 48 Centimeters,"Scale 1:7,500,000",German,"Petermann, A. (August Heinrich), 1822-1878",Justus Perthes (Gotha),,,1892,,,https://umedia.lib.umn.edu/item/p16022coll230:4206,http://cdm16022.contentdm.oclc.org/utils/getfile/collection/p16022coll230/id/4206/filename/print/page/download/fparams/forcedownload,https://cdm16022.contentdm.oclc.org/utils/getthumbnail/collection/p16022coll230/id/4206,https://cdm16022.contentdm.oclc.org/iiif/info/p16022coll230/4206/manifest.json,U|M|N|_|A|L|M|A|:|9|9|7|4|1|2|9|6|8|1|1|0|1|7|0|1,p16022coll230:4206,Public,University of Minnesota,05d-01,05d-01,64bd8c4c-8e60-4956-b43d-bdc3f93db488,JSON API,2023-02-14,"U|s|e| |o|f| |t|h|i|s| |i|t|e|m| |m|a|y| |b|e| |g|o|v|e|r|n|e|d| |b|y| |U|S| |a|n|d| |i|n|t|e|r|n|a|t|i|o|n|a|l| |c|o|p|y|r|i|g|h|t| |l|a|w|s|.| |Y|o|u| |m|a|y| |b|e| |a|b|l|e| |t|o| |u|s|e| |t|h|i|s| |i|t|e|m|,| |b|u|t| |c|o|p|y|r|i|g|h|t| |a|n|d| |o|t|h|e|r| |c|o|n|s|i|d|e|r|a|t|i|o|n|s| |m|a|y| |a|p|p|l|y|.| |F|o|r| |p|o|s|s|i|b|l|e| |a|d|d|i|t|i|o|n|a|l| |i|n|f|o|r|m|a|t|i|o|n| |o|r| |g|u|i|d|a|n|c|e| |o|n| |y|o|u|r| |u|s|e|,| |p|l|e|a|s|e| |c|o|n|t|a|c|t| |t|h|e| |c|o|n|t|r|i|b|u|t|i|n|g| |o|r|g|a|n|i|z|a|t|i|o|n|.",Maps,JPEG,2022-05-03T00:00:00Z,General Map Collection,p16022coll230,,,,Asia,,E0620000 E1020000 N0500000 N0050000|(E 62°--E 102°/N 50°--N 5°)
Iowa,Iowa,,"Shows county towns and railroad lines.; ""Copyright, 1891 and 1902, by Dodd, Mead & Company.""; Indexed by county name.; On verso: Area and population of Iowa by counties (1890 and 1900).",21 x 27 Centimeters,"Scale approximately 1:1,900,800",English,"Dodd, Mead & Company",", 1902",,Railroads,1902,,,https://umedia.lib.umn.edu/item/p16022coll230:4132,http://cdm16022.contentdm.oclc.org/utils/getfile/collection/p16022coll230/id/4132/filename/print/page/download/fparams/forcedownload,https://cdm16022.contentdm.oclc.org/utils/getthumbnail/collection/p16022coll230/id/4132,https://cdm16022.contentdm.oclc.org/iiif/info/p16022coll230/4132/manifest.json,U|M|N|_|A|L|M|A|:|9|9|7|8|3|7|6|5|3|1|0|0|1|7|0|1,p16022coll230:4132,Public,University of Minnesota,05d-01,05d-01,64bd8c4c-8e60-4956-b43d-bdc3f93db488,JSON API,2023-02-14,"U|s|e| |o|f| |t|h|i|s| |i|t|e|m| |m|a|y| |b|e| |g|o|v|e|r|n|e|d| |b|y| |U|S| |a|n|d| |i|n|t|e|r|n|a|t|i|o|n|a|l| |c|o|p|y|r|i|g|h|t| |l|a|w|s|.| |Y|o|u| |m|a|y| |b|e| |a|b|l|e| |t|o| |u|s|e| |t|h|i|s| |i|t|e|m|,| |b|u|t| |c|o|p|y|r|i|g|h|t| |a|n|d| |o|t|h|e|r| |c|o|n|s|i|d|e|r|a|t|i|o|n|s| |m|a|y| |a|p|p|l|y|.| |F|o|r| |p|o|s|s|i|b|l|e| |a|d|d|i|t|i|o|n|a|l| |i|n|f|o|r|m|a|t|i|o|n| |o|r| |g|u|i|d|a|n|c|e| |o|n| |y|o|u|r| |u|s|e|,| |p|l|e|a|s|e| |c|o|n|t|a|c|t| |t|h|e| |c|o|n|t|r|i|b|u|t|i|n|g| |o|r|g|a|n|i|z|a|t|i|o|n|.",Maps,JPEG,2022-05-03T00:00:00Z,General Map Collection,p16022coll230,,Iowa,United States,North America,,W0963800 W0900800 N0433000 N0402200|(W 96°38ʹ--W 90°08ʹ/N 43°30ʹ--N 40°22ʹ).
"[Iran, Afghanistan, Pakistan]","[Iran, Afghanistan, Pakistan]",,"Map constructed from sheets from the Southern Asia series / Survey of India. 2nd edition 1925; bibliographic data and legend from Käthiäwär sheet.; Relief shown by contours, shading, and spot heights.; Supplied title.",110 x 133 centimeters,"Scale 1:2,000,000; 1.014 inch = 32 miles",English,Survey of India,publisher not identified,,,1925,,,https://umedia.lib.umn.edu/item/p16022coll246:444,http://cdm16022.contentdm.oclc.org/utils/getfile/collection/p16022coll246/id/444/filename/print/page/download/fparams/forcedownload,https://cdm16022.contentdm.oclc.org/utils/getthumbnail/collection/p16022coll246/id/444,https://cdm16022.contentdm.oclc.org/iiif/info/p16022coll246/444/manifest.json,U|M|N|_|A|L|M|A|:|9|9|5|4|9|0|7|6|2|0|0|0|1|7|0|1,p16022coll246:444,Public,University of Minnesota,05d-01,05d-01,64bd8c4c-8e60-4956-b43d-bdc3f93db488,JSON API,2023-02-14,"U|s|e| |o|f| |t|h|i|s| |i|t|e|m| |m|a|y| |b|e| |g|o|v|e|r|n|e|d| |b|y| |U|S| |a|n|d| |i|n|t|e|r|n|a|t|i|o|n|a|l| |c|o|p|y|r|i|g|h|t| |l|a|w|s|.| |Y|o|u| |m|a|y| |b|e| |a|b|l|e| |t|o| |u|s|e| |t|h|i|s| |i|t|e|m|,| |b|u|t| |c|o|p|y|r|i|g|h|t| |a|n|d| |o|t|h|e|r| |c|o|n|s|i|d|e|r|a|t|i|o|n|s| |m|a|y| |a|p|p|l|y|.| |F|o|r| |p|o|s|s|i|b|l|e| |a|d|d|i|t|i|o|n|a|l| |i|n|f|o|r|m|a|t|i|o|n| |o|r| |g|u|i|d|a|n|c|e| |o|n| |y|o|u|r| |u|s|e|,| |p|l|e|a|s|e| |c|o|n|t|a|c|t| |t|h|e| |c|o|n|t|r|i|b|u|t|i|n|g| |o|r|g|a|n|i|z|a|t|i|o|n|.",Maps,JPEG,2022-05-03T00:00:00Z,Ames Library of South Asia Maps,p16022coll246,,,,,,E0440000 E0720000 N0400000 N0200000|(E 44°--E 72°/N 40°--N 20°)
Jamaica,Jamaica,,"Relief shown by shading and spot heights.; Printed in Great Britain.; BCM/Stanfordmaps.; Includes ancillary map, The West Indies and Central America.; 2827.",46 x 59 Centimeters,"Scale 1:418,176. 6.6 English miles to 1 inch",English,Edward Stanford Ltd,"Edward Stanford Ltd., 12, 13, & 14 Long Acre W.C (London)",,,1920 - 1929,,,https://umedia.lib.umn.edu/item/p16022coll230:4248,http://cdm16022.contentdm.oclc.org/utils/getfile/collection/p16022coll230/id/4248/filename/print/page/download/fparams/forcedownload,https://cdm16022.contentdm.oclc.org/utils/getthumbnail/collection/p16022coll230/id/4248,https://cdm16022.contentdm.oclc.org/iiif/info/p16022coll230/4248/manifest.json,U|M|N|_|A|L|M|A|:|9|9|5|1|7|9|5|4|4|0|0|0|1|7|0|1,p16022coll230:4248,Public,University of Minnesota,05d-01,05d-01,64bd8c4c-8e60-4956-b43d-bdc3f93db488,JSON API,2023-02-14,"U|s|e| |o|f| |t|h|i|s| |i|t|e|m| |m|a|y| |b|e| |g|o|v|e|r|n|e|d| |b|y| |U|S| |a|n|d| |i|n|t|e|r|n|a|t|i|o|n|a|l| |c|o|p|y|r|i|g|h|t| |l|a|w|s|.| |Y|o|u| |m|a|y| |b|e| |a|b|l|e| |t|o| |u|s|e| |t|h|i|s| |i|t|e|m|,| |b|u|t| |c|o|p|y|r|i|g|h|t| |a|n|d| |o|t|h|e|r| |c|o|n|s|i|d|e|r|a|t|i|o|n|s| |m|a|y| |a|p|p|l|y|.| |F|o|r| |p|o|s|s|i|b|l|e| |a|d|d|i|t|i|o|n|a|l| |i|n|f|o|r|m|a|t|i|o|n| |o|r| |g|u|i|d|a|n|c|e| |o|n| |y|o|u|r| |u|s|e|,| |p|l|e|a|s|e| |c|o|n|t|a|c|t| |t|h|e| |c|o|n|t|r|i|b|u|t|i|n|g| |o|r|g|a|n|i|z|a|t|i|o|n|.",Maps,JPEG,2022-05-03T00:00:00Z,General Map Collection,p16022coll230,,,Jamaica,North America,,W0782800 W0760500 N0185400 N0171000|(W 78°28ʹ--W 76°05ʹ/N 18°54ʹ--N 17°10ʹ).
Kansas,Kansas,,,48 x 66 Centimeters,"Scale 1:1,013,760.",English,Rand McNally and Company,"Rand, McNally and Co (Chicago), 1903",,Railroads,1903,,,https://umedia.lib.umn.edu/item/p16022coll230:4164,http://cdm16022.contentdm.oclc.org/utils/getfile/collection/p16022coll230/id/4164/filename/print/page/download/fparams/forcedownload,https://cdm16022.contentdm.oclc.org/utils/getthumbnail/collection/p16022coll230/id/4164,https://cdm16022.contentdm.oclc.org/iiif/info/p16022coll230/4164/manifest.json,U|M|N|_|A|L|M|A|:|9|9|4|4|3|1|6|4|0|0|0|0|1|7|0|1,p16022coll230:4164,Public,University of Minnesota,05d-01,05d-01,64bd8c4c-8e60-4956-b43d-bdc3f93db488,JSON API,2023-02-14,"U|s|e| |o|f| |t|h|i|s| |i|t|e|m| |m|a|y| |b|e| |g|o|v|e|r|n|e|d| |b|y| |U|S| |a|n|d| |i|n|t|e|r|n|a|t|i|o|n|a|l| |c|o|p|y|r|i|g|h|t| |l|a|w|s|.| |Y|o|u| |m|a|y| |b|e| |a|b|l|e| |t|o| |u|s|e| |t|h|i|s| |i|t|e|m|,| |b|u|t| |c|o|p|y|r|i|g|h|t| |a|n|d| |o|t|h|e|r| |c|o|n|s|i|d|e|r|a|t|i|o|n|s| |m|a|y| |a|p|p|l|y|.| |F|o|r| |p|o|s|s|i|b|l|e| |a|d|d|i|t|i|o|n|a|l| |i|n|f|o|r|m|a|t|i|o|n| |o|r| |g|u|i|d|a|n|c|e| |o|n| |y|o|u|r| |u|s|e|,| |p|l|e|a|s|e| |c|o|n|t|a|c|t| |t|h|e| |c|o|n|t|r|i|b|u|t|i|n|g| |o|r|g|a|n|i|z|a|t|i|o|n|.",Maps,JPEG,2022-05-03T00:00:00Z,General Map Collection,p16022coll230,,Kansas,United States,North America,,"W1020300 W0943500 N0400000 N0365900|(W 102ʻ03'00""--W 94ʻ35'00""/N 40ʻ00'00""--N 36ʻ59'00"")"
Karta Öfver Norra Delen af Stora Kopparbergs Län,Karta Öfver Norra Delen af Stora Kopparbergs Län,,"Townships divided, numbered and indexed.",27 x 42 Centimeters,"Scale 1:500,000",Swedish,,Axel E. Aamodts. lith Etabl (Kjöbhavn),,,1865?,,,https://umedia.lib.umn.edu/item/p16022coll230:4258,http://cdm16022.contentdm.oclc.org/utils/getfile/collection/p16022coll230/id/4258/filename/print/page/download/fparams/forcedownload,https://cdm16022.contentdm.oclc.org/utils/getthumbnail/collection/p16022coll230/id/4258,https://cdm16022.contentdm.oclc.org/iiif/info/p16022coll230/4258/manifest.json,U|M|N|_|A|L|M|A|:|9|9|7|6|7|1|5|4|0|5|3|0|1|7|0|1,p16022coll230:4258,Public,University of Minnesota,05d-01,05d-01,64bd8c4c-8e60-4956-b43d-bdc3f93db488,JSON API,2023-02-14,"U|s|e| |o|f| |t|h|i|s| |i|t|e|m| |m|a|y| |b|e| |g|o|v|e|r|n|e|d| |b|y| |U|S| |a|n|d| |i|n|t|e|r|n|a|t|i|o|n|a|l| |c|o|p|y|r|i|g|h|t| |l|a|w|s|.| |Y|o|u| |m|a|y| |b|e| |a|b|l|e| |t|o| |u|s|e| |t|h|i|s| |i|t|e|m|,| |b|u|t| |c|o|p|y|r|i|g|h|t| |a|n|d| |o|t|h|e|r| |c|o|n|s|i|d|e|r|a|t|i|o|n|s| |m|a|y| |a|p|p|l|y|.| |F|o|r| |p|o|s|s|i|b|l|e| |a|d|d|i|t|i|o|n|a|l| |i|n|f|o|r|m|a|t|i|o|n| |o|r| |g|u|i|d|a|n|c|e| |o|n| |y|o|u|r| |u|s|e|,| |p|l|e|a|s|e| |c|o|n|t|a|c|t| |t|h|e| |c|o|n|t|r|i|b|u|t|i|n|g| |o|r|g|a|n|i|z|a|t|i|o|n|.",Maps,JPEG,2022-05-03T00:00:00Z,General Map Collection,p16022coll230,Dalarnas län,,Sweden,Europe,,"E0103500 E0241000 N0690300 N0550700|(E 10°35'00""--E 24°10'00""/N 69°03'00""--N 55°07'00"")."
Karta Öfver Stockholms Län,Karta Öfver Stockholms Län,,"Townships divided, numbered and indexed.",43 x 30 Centimeters,"Scale 1:500,000",Swedish,,Axel E. Aamodts. lith Etabl (Kjöbhavn),,,1865?,,,https://umedia.lib.umn.edu/item/p16022coll230:4194,http://cdm16022.contentdm.oclc.org/utils/getfile/collection/p16022coll230/id/4194/filename/print/page/download/fparams/forcedownload,https://cdm16022.contentdm.oclc.org/utils/getthumbnail/collection/p16022coll230/id/4194,https://cdm16022.contentdm.oclc.org/iiif/info/p16022coll230/4194/manifest.json,U|M|N|_|A|L|M|A|:|9|9|7|6|7|1|5|5|0|9|0|0|1|7|0|1,p16022coll230:4194,Public,University of Minnesota,05d-01,05d-01,64bd8c4c-8e60-4956-b43d-bdc3f93db488,JSON API,2023-02-14,"U|s|e| |o|f| |t|h|i|s| |i|t|e|m| |m|a|y| |b|e| |g|o|v|e|r|n|e|d| |b|y| |U|S| |a|n|d| |i|n|t|e|r|n|a|t|i|o|n|a|l| |c|o|p|y|r|i|g|h|t| |l|a|w|s|.| |Y|o|u| |m|a|y| |b|e| |a|b|l|e| |t|o| |u|s|e| |t|h|i|s| |i|t|e|m|,| |b|u|t| |c|o|p|y|r|i|g|h|t| |a|n|d| |o|t|h|e|r| |c|o|n|s|i|d|e|r|a|t|i|o|n|s| |m|a|y| |a|p|p|l|y|.| |F|o|r| |p|o|s|s|i|b|l|e| |a|d|d|i|t|i|o|n|a|l| |i|n|f|o|r|m|a|t|i|o|n| |o|r| |g|u|i|d|a|n|c|e| |o|n| |y|o|u|r| |u|s|e|,| |p|l|e|a|s|e| |c|o|n|t|a|c|t| |t|h|e| |c|o|n|t|r|i|b|u|t|i|n|g| |o|r|g|a|n|i|z|a|t|i|o|n|.",Maps,JPEG,2022-05-03T00:00:00Z,General Map Collection,p16022coll230,Stockholms län,,Sweden,Europe,,E0171600 E0195900 N0603000 N0584100|(E 17°16'--E 19°59'/N 60°30'--N 58°41').
Karta Öfver Upsala Län,Karta Öfver Upsala Län,,"Townships divided, numbered and indexed.",35 x 27 Centimeters,"Scale 1:500,000",Swedish,,Axel E. Aamodts. lith Etabl (Kjöbhavn),,,1865?,,,https://umedia.lib.umn.edu/item/p16022coll230:4268,http://cdm16022.contentdm.oclc.org/utils/getfile/collection/p16022coll230/id/4268/filename/print/page/download/fparams/forcedownload,https://cdm16022.contentdm.oclc.org/utils/getthumbnail/collection/p16022coll230/id/4268,https://cdm16022.contentdm.oclc.org/iiif/info/p16022coll230/4268/manifest.json,U|M|N|_|A|L|M|A|:|9|9|7|6|7|1|5|3|0|9|3|0|1|7|0|1,p16022coll230:4268,Public,University of Minnesota,05d-01,05d-01,64bd8c4c-8e60-4956-b43d-bdc3f93db488,JSON API,2023-02-14,"U|s|e| |o|f| |t|h|i|s| |i|t|e|m| |m|a|y| |b|e| |g|o|v|e|r|n|e|d| |b|y| |U|S| |a|n|d| |i|n|t|e|r|n|a|t|i|o|n|a|l| |c|o|p|y|r|i|g|h|t| |l|a|w|s|.| |Y|o|u| |m|a|y| |b|e| |a|b|l|e| |t|o| |u|s|e| |t|h|i|s| |i|t|e|m|,| |b|u|t| |c|o|p|y|r|i|g|h|t| |a|n|d| |o|t|h|e|r| |c|o|n|s|i|d|e|r|a|t|i|o|n|s| |m|a|y| |a|p|p|l|y|.| |F|o|r| |p|o|s|s|i|b|l|e| |a|d|d|i|t|i|o|n|a|l| |i|n|f|o|r|m|a|t|i|o|n| |o|r| |g|u|i|d|a|n|c|e| |o|n| |y|o|u|r| |u|s|e|,| |p|l|e|a|s|e| |c|o|n|t|a|c|t| |t|h|e| |c|o|n|t|r|i|b|u|t|i|n|g| |o|r|g|a|n|i|z|a|t|i|o|n|.",Maps,JPEG,2022-05-03T00:00:00Z,General Map Collection,p16022coll230,Uppsala,,Sweden,Europe,,E0164200 E0184400 N0604100 N0590900|(E 16°42'--E 18°44'/N 60°41'--N 59°09').
